source_primary,source_secondary,target
DRUGBANK:DB16613,PUBCHEM.COMPOUND:3467,MONDO:0005046
DRUGBANK:DB16613,PUBCHEM.COMPOUND:3467,MONDO:0003900
CHEBI:134850,CHEBI:17439,UMLS:C1996939
CHEBI:22469,PUBCHEM.COMPOUND:2758,UMLS:C1096063
CHEBI:134850,CHEBI:17439,MONDO:0001866
CHEBI:134850,CHEBI:6456,MONDO:0007263
CHEBI:31394,CHEBI:4903,HP:0001907
CHEBI:31394,CHEBI:4903,NCIT:C50805
UNII:RUU8G67GQM,CHEBI:16914,MONDO:0012511
CHEBI:31394,CHEBI:4903,MONDO:0005365
CHEBI:31394,CHEBI:4903,MONDO:0002525
CHEBI:31394,CHEBI:4903,MONDO:0005399
UNII:RUU8G67GQM,CHEBI:16914,MONDO:0019289
CHEBI:78539,CHEBI:5778,HP:0100545
UNII:2W8I1S6T5L,CHEBI:16469,UMLS:C0855239
DRUGBANK:DB15889,DRUGBANK:DB15860,HP:0002027
CHEBI:31394,CHEBI:4903,MONDO:0002691
UNII:2W8I1S6T5L,CHEBI:16469,MONDO:0002304
PUBCHEM.COMPOUND:4786,CHEBI:5551,MONDO:0001106
CHEBI:134850,CHEBI:31749,UMLS:C0151664
UNII:2W8I1S6T5L,CHEBI:16469,UMLS:C1277614
CHEBI:31394,CHEBI:4903,MONDO:0025598
DRUGBANK:DB15889,DRUGBANK:DB15860,UMLS:C0267596
CHEBI:134850,CHEBI:6456,UMLS:C1996939
CHEBI:134850,CHEBI:6456,MONDO:0001866
CHEBI:134850,CHEBI:41879,MONDO:0007263
CHEBI:134850,CHEBI:6456,UMLS:C0151664
CHEBI:134850,CHEBI:31749,UMLS:C1996939
CHEBI:134850,CHEBI:31749,MONDO:0001866
CHEBI:134850,CHEBI:31749,MONDO:0007263
CHEBI:134850,CHEBI:17439,UMLS:C0151664
CHEBI:134850,CHEBI:41879,UMLS:C1996939
CHEBI:134850,CHEBI:41879,MONDO:0001866
CHEBI:134850,CHEBI:17439,MONDO:0007263
CHEBI:134850,CHEBI:41879,UMLS:C0151664
DRUGBANK:DB16613,PUBCHEM.COMPOUND:3467,MONDO:0005046
DRUGBANK:DB16613,PUBCHEM.COMPOUND:3467,MONDO:0003900
CHEBI:134850,CHEBI:17439,UMLS:C1996939
CHEBI:134850,CHEBI:17439,MONDO:0001866
CHEBI:134850,CHEBI:6456,MONDO:0007263
CHEBI:31394,CHEBI:4903,HP:0001907
CHEBI:31394,CHEBI:4903,NCIT:C50805
UNII:RUU8G67GQM,CHEBI:16914,MONDO:0012511
CHEBI:31394,CHEBI:4903,MONDO:0005365
CHEBI:31394,CHEBI:4903,MONDO:0002525
CHEBI:31394,CHEBI:4903,MONDO:0005399
UNII:RUU8G67GQM,CHEBI:16914,MONDO:0019289
CHEBI:78539,CHEBI:5778,HP:0100545
UNII:2W8I1S6T5L,CHEBI:16469,UMLS:C0855239
CHEBI:31394,CHEBI:4903,MONDO:0002691
UNII:2W8I1S6T5L,CHEBI:16469,MONDO:0002304
PUBCHEM.COMPOUND:4786,CHEBI:5551,MONDO:0001106
CHEBI:134850,CHEBI:31749,UMLS:C0151664
UNII:2W8I1S6T5L,CHEBI:16469,UMLS:C1277614
CHEBI:31394,CHEBI:4903,MONDO:0025598
CHEBI:134850,CHEBI:6456,UMLS:C1996939
CHEBI:134850,CHEBI:6456,MONDO:0001866
CHEBI:134850,CHEBI:41879,MONDO:0007263
CHEBI:134850,CHEBI:6456,UMLS:C0151664
CHEBI:134850,CHEBI:31749,UMLS:C1996939
CHEBI:134850,CHEBI:31749,MONDO:0001866
CHEBI:134850,CHEBI:31749,MONDO:0007263
CHEBI:134850,CHEBI:17439,UMLS:C0151664
CHEBI:134850,CHEBI:41879,UMLS:C1996939
CHEBI:134850,CHEBI:41879,MONDO:0001866
CHEBI:134850,CHEBI:17439,MONDO:0007263
CHEBI:134850,CHEBI:41879,UMLS:C0151664
DRUGBANK:DB16613,PUBCHEM.COMPOUND:3467,MONDO:0005046
DRUGBANK:DB16613,PUBCHEM.COMPOUND:3467,MONDO:0003900
CHEBI:142773,CHEBI:50838,HP:0100608
CHEBI:82405,UNII:3U02EL437C,MONDO:0005011
CHEBI:82405,UNII:3U02EL437C,MONDO:0000705
CHEBI:82405,UNII:3U02EL437C,MONDO:0005101
CHEBI:134753,CHEBI:28939,UBERON:0002363
CHEBI:134753,CHEBI:28939,UBERON:0002363
CHEBI:82405,UNII:3U02EL437C,MONDO:0000705
CHEBI:63334,CHEBI:17698,MONDO:0004785
DRUGBANK:DB15860,DRUGBANK:DB15889,UMLS:C0267596
CHEBI:63334,UMLS:C0009315,MONDO:0006668
DRUGBANK:DB15815,UNII:3FYP5M0IJX,HP:0002027
UNII:BVS505O332,UMLS:C0030346,MONDO:0001106
CHEBI:114786,CHEBI:26710,HP:0100520
CHEBI:63334,UMLS:C0009315,MONDO:0004785
CHEBI:63334,CHEBI:3077,MONDO:0001031
CHEBI:85537,CHEBI:4470,HP:0000119
CHEBI:134916,CHEBI:46195,MONDO:0005267
UNII:BVS505O332,CHEBI:9765,MONDO:0005271
CHEBI:135735,CHEBI:135849,MONDO:0010481
UNII:BVS505O332,CHEBI:9765,MONDO:0018874
CHEBI:28659,CHEBI:25107,CHEBI:18145
CHEBI:59732,CHEBI:53691,MONDO:0020347
CHEBI:134916,CHEBI:46195,CHEBI:46195
CHEBI:59732,CHEBI:53691,UMLS:C0436539
CHEBI:134916,CHEBI:46195,MONDO:0019514
CHEBI:135735,CHEBI:135849,MONDO:0005252
CHEBI:134753,CHEBI:28939,HP:0032807
CHEBI:135581,CHEBI:247956,MONDO:0019289
CHEBI:134916,CHEBI:46195,MONDO:0001106
DRUGBANK:DB15860,DRUGBANK:DB15889,HP:0002027
DRUGBANK:DB15815,UNII:3FYP5M0IJX,UMLS:C0267596
CHEBI:63334,CHEBI:3077,MONDO:0004785
CHEBI:63334,CHEBI:3077,MONDO:0006668
DRUGBANK:DB15815,DRUGBANK:DB15478,HP:0002027
UNII:BVS505O332,CHEBI:9765,MONDO:0001106
CHEBI:114786,CHEBI:131527,HP:0100520
CHEBI:63334,CHEBI:17698,MONDO:0004785
CHEBI:63334,UMLS:C0009315,MONDO:0001031
UNII:BVS505O332,UMLS:C0030346,MONDO:0005271
UNII:BVS505O332,UMLS:C0030346,MONDO:0018874
CHEBI:28659,CHEBI:27470,CHEBI:18145
CHEBI:135581,CHEBI:135581,MONDO:0019289
DRUGBANK:DB15815,DRUGBANK:DB15478,UMLS:C0267596
CHEBI:63334,UMLS:C0009315,MONDO:0004785
CHEBI:63334,CHEBI:17698,MONDO:0006668
CHEBI:114786,CHEBI:17234,HP:0100520
CHEBI:63334,CHEBI:3077,MONDO:0004785
CHEBI:63334,CHEBI:17698,MONDO:0001031
CHEBI:28659,CHEBI:18248,CHEBI:18145
CHEBI:114786,CHEBI:32954,HP:0100520
CHEBI:28659,CHEBI:17439,CHEBI:18145
CHEBI:28659,CHEBI:12777,CHEBI:18145
CHEBI:28659,CHEBI:17154,CHEBI:18145
CHEBI:28659,CHEBI:28694,CHEBI:18145
CHEBI:28659,CHEBI:27306,CHEBI:18145
CHEBI:28659,CHEBI:22652,CHEBI:18145
CHEBI:28659,CHEBI:17015,CHEBI:18145
CHEBI:28659,CHEBI:22984,CHEBI:18145
CHEBI:28659,CHEBI:15956,CHEBI:18145
CHEBI:28659,CHEBI:27363,CHEBI:18145
CHEBI:28659,CHEBI:46905,CHEBI:18145
CHEBI:28659,CHEBI:27300,CHEBI:18145
CHEBI:28659,CHEBI:29035,CHEBI:18145
CHEBI:28659,CHEBI:28659,CHEBI:18145
CHEBI:28659,CHEBI:18385,CHEBI:18145
CHEBI:28659,CHEBI:18145,CHEBI:18145
CHEBI:28659,CHEBI:28659,UMLS:C0573813
CHEBI:59732,CHEBI:53691,MONDO:0020347
CHEBI:3215,CHEBI:6741,MONDO:0005271
CHEBI:28098,CHEBI:31415,UMLS:C5818401
CHEBI:27644,CHEBI:9667,MONDO:0006604
CHEBI:135581,CHEBI:6456,UMLS:C0565653
DRUGBANK:DB15860,DRUGBANK:DB15889,MONDO:0004565
DRUGBANK:DB15815,DRUGBANK:DB15478,MONDO:0004565
CHEBI:6801,CHEBI:82720,MONDO:0005252
CHEBI:6801,CHEBI:82720,HP:0001259
CHEBI:3732,CHEBI:3732,MONDO:0006874
CHEBI:2676,CHEBI:48947,MONDO:0006874
CHEBI:63334,CHEBI:17698,MONDO:0015288
CHEBI:135214,CHEBI:10454,MONDO:0000465
CHEBI:72291,CHEBI:9139,MONDO:0005149
CHEBI:63621,CHEBI:9139,MONDO:0005149
CHEBI:37924,CHEBI:9139,MONDO:0005149
CHEBI:31781,CHEBI:45409,MONDO:0005149
CHEBI:45409,CHEBI:9139,MONDO:0005149
CHEBI:85537,CHEBI:4470,MONDO:0005027
CHEBI:34910,CHEBI:135276,MONDO:0005027
CHEBI:134916,CHEBI:46195,MONDO:0005027
CHEBI:135735,CHEBI:135849,MONDO:0001106
CHEBI:77822,CHEBI:7459,MONDO:0005303
CHEBI:28659,CHEBI:27300,MONDO:0001166
CHEBI:135499,CHEBI:9671,MONDO:0001166
CHEBI:135492,CHEBI:50156,MONDO:0001166
CHEBI:28659,CHEBI:28694,UMLS:C0573813
DRUGBANK:DB15815,UNII:3FYP5M0IJX,MONDO:0004565
CHEBI:63334,UMLS:C0009315,MONDO:0015288
CHEBI:31781,CHEBI:9139,MONDO:0005149
CHEBI:28659,CHEBI:27363,MONDO:0001166
CHEBI:28659,CHEBI:17439,UMLS:C0573813
CHEBI:63334,CHEBI:3077,MONDO:0015288
CHEBI:28659,CHEBI:17154,MONDO:0001166
CHEBI:28659,CHEBI:27470,UMLS:C0573813
CHEBI:28659,CHEBI:18248,MONDO:0001166
CHEBI:28659,CHEBI:18385,UMLS:C0573813
CHEBI:28659,CHEBI:25107,MONDO:0001166
CHEBI:28659,CHEBI:22652,UMLS:C0573813
CHEBI:28659,CHEBI:28694,MONDO:0001166
CHEBI:28659,CHEBI:46905,UMLS:C0573813
CHEBI:28659,CHEBI:46905,MONDO:0001166
CHEBI:28659,CHEBI:25107,UMLS:C0573813
CHEBI:28659,CHEBI:12777,MONDO:0001166
CHEBI:28659,CHEBI:15956,UMLS:C0573813
CHEBI:28659,CHEBI:22984,MONDO:0001166
CHEBI:28659,CHEBI:18145,UMLS:C0573813
CHEBI:28659,CHEBI:18145,MONDO:0001166
CHEBI:28659,CHEBI:18248,UMLS:C0573813
CHEBI:28659,CHEBI:17015,MONDO:0001166
CHEBI:28659,CHEBI:27300,UMLS:C0573813
CHEBI:28659,CHEBI:18385,MONDO:0001166
CHEBI:28659,CHEBI:17154,UMLS:C0573813
CHEBI:28659,CHEBI:22652,MONDO:0001166
CHEBI:28659,CHEBI:27363,UMLS:C0573813
CHEBI:28659,CHEBI:17439,MONDO:0001166
CHEBI:28659,CHEBI:17015,UMLS:C0573813
CHEBI:28659,CHEBI:28659,MONDO:0001166
CHEBI:28659,CHEBI:22984,UMLS:C0573813
CHEBI:28659,CHEBI:29035,MONDO:0001166
CHEBI:28659,CHEBI:27306,UMLS:C0573813
CHEBI:28659,CHEBI:27306,MONDO:0001166
CHEBI:28659,CHEBI:12777,UMLS:C0573813
CHEBI:28659,CHEBI:15956,MONDO:0001166
CHEBI:28659,CHEBI:29035,UMLS:C0573813
CHEBI:28659,CHEBI:27470,MONDO:0001166
CHEBI:6076,CHEBI:133021,MONDO:0004948
CHEBI:59477,CHEBI:3077,UMLS:C0162628
UNII:2W8I1S6T5L,CHEBI:16469,MONDO:0006716
CHEBI:135446,PUBCHEM.COMPOUND:45357473,MONDO:0006716
DRUGBANK:DB13195,CHEBI:28304,MONDO:0002049
DRUGBANK:DB15889,DRUGBANK:DB15860,HP:0002018
CHEBI:134850,CHEBI:6456,HP:0002239
CHEBI:134850,CHEBI:17439,MONDO:0002049
UMLS:C0010592,DRUGBANK:DB11082,MONDO:0005083
CHEBI:135610,CHEBI:8654,MONDO:0000755
CHEBI:135610,CHEBI:8654,MONDO:0000755
CHEBI:50815,CHEBI:4903,MONDO:0000755
CHEBI:50815,CHEBI:4903,MONDO:0000755
CHEBI:59477,CHEBI:3077,MONDO:0000755
CHEBI:59477,CHEBI:3077,MONDO:0000755
CHEBI:9332,CHEBI:45924,MONDO:0000755
CHEBI:9332,CHEBI:45924,MONDO:0000755
CHEBI:45924,CHEBI:9332,MONDO:0000755
CHEBI:45924,CHEBI:9332,MONDO:0000755
UNII:2W8I1S6T5L,CHEBI:16469,MONDO:0000755
UNII:2W8I1S6T5L,CHEBI:16469,MONDO:0000755
DRUGBANK:DB15889,DRUGBANK:DB15860,MONDO:0000755
DRUGBANK:DB15889,DRUGBANK:DB15860,MONDO:0000755
CHEBI:186232,CHEBI:135611,MONDO:0000755
CHEBI:186232,CHEBI:135611,MONDO:0000755
DRUGBANK:DB16613,PUBCHEM.COMPOUND:3467,MONDO:0000755
DRUGBANK:DB16613,PUBCHEM.COMPOUND:3467,MONDO:0000755
CHEBI:135581,CHEBI:135581,MONDO:0000755
CHEBI:135581,CHEBI:135581,MONDO:0000755
UMLS:C0010592,CHEBI:44185,MONDO:0005083
DRUGBANK:DB13195,DRUGBANK:DB14343,MONDO:0002049
CHEBI:134850,CHEBI:41879,HP:0002239
CHEBI:134850,CHEBI:31749,MONDO:0002049
CHEBI:186232,CHEBI:8093,MONDO:0000755
CHEBI:186232,CHEBI:8093,MONDO:0000755
CHEBI:134850,CHEBI:31749,HP:0002239
CHEBI:134850,CHEBI:6456,MONDO:0002049
CHEBI:134850,CHEBI:17439,HP:0002239
CHEBI:134850,CHEBI:41879,MONDO:0002049
CHEBI:32322,CHEBI:46936,MONDO:0002406
CHEBI:135096,CHEBI:16914,MONDO:0002406
DRUGBANK:DB13194,CHEBI:16714,UMLS:C1623040
CHEBI:45924,CHEBI:9332,UMLS:C1623040
CHEBI:9332,CHEBI:45924,UMLS:C1623040
DRUGBANK:DB15889,DRUGBANK:DB15860,UMLS:C1623040
CHEBI:135581,CHEBI:135581,UMLS:C1623040
DRUGBANK:DB16613,PUBCHEM.COMPOUND:3467,UMLS:C1623040
CHEBI:135096,CHEBI:16914,UMLS:C1623040
UNII:Q3B1Y93C1S,UNII:8NY9L8837D,MONDO:0006722
CHEBI:31394,CHEBI:4903,HP:0001410
UNII:Q3B1Y93C1S,CHEBI:28741,MONDO:0006722
CHEBI:59477,CHEBI:3077,UMLS:C0162628
UNII:2W8I1S6T5L,CHEBI:16469,MONDO:0006716
CHEBI:135446,PUBCHEM.COMPOUND:45357473,MONDO:0006716
DRUGBANK:DB13195,CHEBI:28304,MONDO:0002049
CHEBI:134850,CHEBI:6456,HP:0002239
CHEBI:134850,CHEBI:17439,MONDO:0002049
UMLS:C0010592,DRUGBANK:DB11082,MONDO:0005083
CHEBI:135610,CHEBI:8654,MONDO:0000755
CHEBI:135610,CHEBI:8654,MONDO:0000755
CHEBI:50815,CHEBI:4903,MONDO:0000755
CHEBI:50815,CHEBI:4903,MONDO:0000755
CHEBI:59477,CHEBI:3077,MONDO:0000755
CHEBI:59477,CHEBI:3077,MONDO:0000755
CHEBI:9332,CHEBI:45924,MONDO:0000755
CHEBI:9332,CHEBI:45924,MONDO:0000755
CHEBI:45924,CHEBI:9332,MONDO:0000755
CHEBI:45924,CHEBI:9332,MONDO:0000755
UNII:2W8I1S6T5L,CHEBI:16469,MONDO:0000755
UNII:2W8I1S6T5L,CHEBI:16469,MONDO:0000755
DRUGBANK:DB16613,PUBCHEM.COMPOUND:3467,MONDO:0000755
DRUGBANK:DB16613,PUBCHEM.COMPOUND:3467,MONDO:0000755
UMLS:C0010592,CHEBI:44185,MONDO:0005083
DRUGBANK:DB13195,DRUGBANK:DB14343,MONDO:0002049
CHEBI:134850,CHEBI:41879,HP:0002239
CHEBI:134850,CHEBI:31749,MONDO:0002049
CHEBI:134850,CHEBI:31749,HP:0002239
CHEBI:134850,CHEBI:6456,MONDO:0002049
CHEBI:134850,CHEBI:17439,HP:0002239
CHEBI:134850,CHEBI:41879,MONDO:0002049
CHEBI:32322,CHEBI:46936,MONDO:0002406
DRUGBANK:DB13194,CHEBI:16714,UMLS:C1623040
CHEBI:45924,CHEBI:9332,UMLS:C1623040
CHEBI:9332,CHEBI:45924,UMLS:C1623040
DRUGBANK:DB16613,PUBCHEM.COMPOUND:3467,UMLS:C1623040
UNII:Q3B1Y93C1S,UNII:8NY9L8837D,MONDO:0006722
CHEBI:31394,CHEBI:4903,HP:0001410
UNII:Q3B1Y93C1S,CHEBI:28741,MONDO:0006722
UMLS:C0010592,DRUGBANK:DB11082,MONDO:0005083
DRUGBANK:DB16613,PUBCHEM.COMPOUND:3467,MONDO:0000755
DRUGBANK:DB16613,PUBCHEM.COMPOUND:3467,MONDO:0000755
UMLS:C0010592,CHEBI:44185,MONDO:0005083
CHEBI:32322,CHEBI:46936,MONDO:0002406
DRUGBANK:DB13194,CHEBI:16714,UMLS:C1623040
DRUGBANK:DB16613,PUBCHEM.COMPOUND:3467,UMLS:C1623040
DRUGBANK:DB13194,CHEBI:16714,UMLS:C1623040
UNII:5UW00M8KR0,UNII:R17X820ROL,UMLS:C0795692
UNII:2W8I1S6T5L,CHEBI:16469,MONDO:0005279
CHEBI:31394,CHEBI:4903,MONDO:0002691
CHEBI:135446,PUBCHEM.COMPOUND:45357473,HP:0001681
UNII:2W8I1S6T5L,CHEBI:16469,HP:0001681
CHEBI:88839,CHEBI:86541,HP:0012042
CHEBI:88258,CHEBI:45924,UMLS:C0919924
CHEBI:45924,CHEBI:9332,MONDO:0001106
CHEBI:45924,CHEBI:9332,CHEBI:45924
CHEBI:9332,CHEBI:45924,MONDO:0001106
CHEBI:9332,CHEBI:45924,CHEBI:45924
UNII:5UW00M8KR0,UNII:R17X820ROL,HP:0011105
CHEBI:88258,CHEBI:45924,HP:0011105
CHEBI:50924,CHEBI:45863,MONDO:0005097
CHEBI:50924,CHEBI:31355,MONDO:0005097
CHEBI:6076,CHEBI:133021,MONDO:0002083
UNII:C3B9R0E116,CHEBI:22652,MONDO:0005027
CHEBI:134850,CHEBI:31749,MONDO:0001166
UNII:5UW00M8KR0,UNII:R17X820ROL,MONDO:0001166
CHEBI:30812,CHEBI:8346,NCIT:C35607
DRUGBANK:DB15889,DRUGBANK:DB15860,MONDO:0004565
CHEBI:88839,CHEBI:134761,HP:0012042
CHEBI:134850,CHEBI:17439,MONDO:0001166
CHEBI:30812,UNII:86Q357L16B,NCIT:C35607
CHEBI:88839,CHEBI:31832,HP:0012042
CHEBI:134850,CHEBI:6456,MONDO:0001166
CHEBI:30812,CHEBI:49553,NCIT:C35607
CHEBI:134850,CHEBI:41879,MONDO:0001166
CHEBI:30812,CHEBI:28741,NCIT:C35607
CHEBI:30812,CHEBI:75215,NCIT:C35607
CHEBI:30812,UNII:Z310X5O5RP,NCIT:C35607
CHEBI:30812,CHEBI:29035,NCIT:C35607
CHEBI:30812,CHEBI:27568,NCIT:C35607
UNII:5UW00M8KR0,UNII:R17X820ROL,UMLS:C0795692
UNII:2W8I1S6T5L,CHEBI:16469,MONDO:0005279
CHEBI:31394,CHEBI:4903,MONDO:0002691
CHEBI:135446,PUBCHEM.COMPOUND:45357473,HP:0001681
UNII:2W8I1S6T5L,CHEBI:16469,HP:0001681
CHEBI:88839,CHEBI:86541,HP:0012042
CHEBI:45924,CHEBI:9332,MONDO:0001106
CHEBI:45924,CHEBI:9332,CHEBI:45924
CHEBI:9332,CHEBI:45924,MONDO:0001106
CHEBI:9332,CHEBI:45924,CHEBI:45924
UNII:5UW00M8KR0,UNII:R17X820ROL,HP:0011105
UNII:C3B9R0E116,CHEBI:22652,MONDO:0005027
CHEBI:134850,CHEBI:31749,MONDO:0001166
UNII:5UW00M8KR0,UNII:R17X820ROL,MONDO:0001166
CHEBI:30812,CHEBI:8346,NCIT:C35607
CHEBI:88839,CHEBI:134761,HP:0012042
CHEBI:134850,CHEBI:17439,MONDO:0001166
CHEBI:30812,UNII:86Q357L16B,NCIT:C35607
CHEBI:88839,CHEBI:31832,HP:0012042
CHEBI:134850,CHEBI:6456,MONDO:0001166
CHEBI:30812,CHEBI:49553,NCIT:C35607
CHEBI:134850,CHEBI:41879,MONDO:0001166
CHEBI:30812,CHEBI:28741,NCIT:C35607
CHEBI:30812,CHEBI:75215,NCIT:C35607
CHEBI:30812,UNII:Z310X5O5RP,NCIT:C35607
CHEBI:30812,CHEBI:29035,NCIT:C35607
CHEBI:30812,CHEBI:27568,NCIT:C35607
UNII:C3B9R0E116,CHEBI:22652,MONDO:0005027
UNII:WA1RT89G9X,CHEBI:31623,UMLS:C0162628
CHEBI:135360,CHEBI:46195,MONDO:0018460
CHEBI:135360,CHEBI:64318,MONDO:0018460
CHEBI:135360,CHEBI:27732,MONDO:0018460
DRUGBANK:DB15836,UNII:XJ6RUH0O4G,MONDO:0012511
CHEBI:85537,CHEBI:4470,HP:0002791
CHEBI:134753,CHEBI:28939,MONDO:0004995
CHEBI:85537,CHEBI:4470,MONDO:0005249
DRUGBANK:DB15860,DRUGBANK:DB15889,HP:0002018
DRUGBANK:DB15815,DRUGBANK:DB15478,HP:0002018
CHEBI:135499,CHEBI:9671,MONDO:0000755
CHEBI:135499,CHEBI:9671,MONDO:0000755
CHEBI:88258,CHEBI:45924,MONDO:0002049
CHEBI:85537,CHEBI:4470,MONDO:0000755
CHEBI:85537,CHEBI:4470,MONDO:0000755
CHEBI:59732,CHEBI:53691,MONDO:0000755
CHEBI:59732,CHEBI:53691,MONDO:0000755
CHEBI:6801,CHEBI:82720,MONDO:0000755
CHEBI:6801,CHEBI:82720,MONDO:0000755
CHEBI:135360,CHEBI:27732,MONDO:0000755
CHEBI:135360,CHEBI:27732,MONDO:0000755
CHEBI:9321,CHEBI:2676,MONDO:0000755
CHEBI:9321,CHEBI:2676,MONDO:0000755
CHEBI:88258,CHEBI:45924,MONDO:0000755
CHEBI:88258,CHEBI:45924,MONDO:0000755
DRUGBANK:DB15860,DRUGBANK:DB15889,MONDO:0000755
DRUGBANK:DB15860,DRUGBANK:DB15889,MONDO:0000755
DRUGBANK:DB15836,CHEBI:9599,MONDO:0012511
DRUGBANK:DB15815,UNII:3FYP5M0IJX,HP:0002018
CHEBI:135360,CHEBI:64318,MONDO:0000755
CHEBI:135360,CHEBI:64318,MONDO:0000755
DRUGBANK:DB15836,PUBCHEM.COMPOUND:2758,MONDO:0012511
CHEBI:135360,CHEBI:46195,MONDO:0000755
CHEBI:135360,CHEBI:46195,MONDO:0000755
DRUGBANK:DB15836,CHEBI:36773,MONDO:0012511
DRUGBANK:DB15836,CHEBI:25187,MONDO:0012511
DRUGBANK:DB15836,DRUGBANK:DB14322,MONDO:0012511
CHEBI:174690,CHEBI:135590,MONDO:0019289
CHEBI:85537,CHEBI:4470,UMLS:C1623040
CHEBI:135499,CHEBI:9671,UMLS:C1623040
CHEBI:135360,CHEBI:64318,UMLS:C1623040
CHEBI:9321,CHEBI:2676,UMLS:C1623040
CHEBI:88258,CHEBI:45924,UMLS:C1623040
DRUGBANK:DB15860,DRUGBANK:DB15889,UMLS:C1623040
CHEBI:15940,CHEBI:94731,UMLS:C1623040
CHEBI:34910,CHEBI:135276,UMLS:C1623040
CHEBI:135360,CHEBI:27732,UMLS:C1623040
CHEBI:135360,CHEBI:46195,UMLS:C1623040
CHEBI:134753,CHEBI:28939,MONDO:0011057
CHEBI:135735,CHEBI:135849,MONDO:0019623
CHEBI:135735,CHEBI:135849,MONDO:0010481
CHEBI:135735,CHEBI:135849,MONDO:0042981
CHEBI:135735,CHEBI:135849,MONDO:0003718
CHEBI:135735,CHEBI:135849,MONDO:0019636
CHEBI:135735,CHEBI:135849,HP:0100545
CHEBI:134916,CHEBI:46195,MONDO:0008294
CHEBI:135446,PUBCHEM.COMPOUND:45357473,UMLS:C0559162
CHEBI:9332,CHEBI:45924,UMLS:C0151763
CHEBI:6970,UNII:D27V6190PM,MONDO:0005113
CHEBI:6970,UNII:D27V6190PM,MONDO:0002040
CHEBI:135446,PUBCHEM.COMPOUND:45357473,UMLS:C1277190
CHEBI:135446,PUBCHEM.COMPOUND:45357473,UniProtKB:Q865K8
CHEBI:41879,CHEBI:100241,MONDO:0007498
UNII:2W8I1S6T5L,CHEBI:16469,MONDO:0005399
CHEBI:45924,CHEBI:9332,UMLS:C0151763
CHEBI:9332,CHEBI:45924,MONDO:0001860
UNII:D27V6190PM,CHEBI:6970,MONDO:0005113
CHEBI:85078,CHEBI:71272,MONDO:0017123
CHEBI:134850,CHEBI:6456,MONDO:0005485
CHEBI:135446,PUBCHEM.COMPOUND:45357473,CHEBI:41922
CHEBI:135446,PUBCHEM.COMPOUND:45357473,NCIT:C26945
UNII:D27V6190PM,CHEBI:6970,MONDO:0002040
CHEBI:135446,PUBCHEM.COMPOUND:45357473,MONDO:0016027
CHEBI:10056,PUBCHEM.COMPOUND:5284632,MONDO:0001744
CHEBI:3698,CHEBI:601027,MONDO:0017123
CHEBI:31394,CHEBI:4903,UniProtKB:A0A4X1SKS6
CHEBI:31394,CHEBI:4903,UMLS:C3887021
CHEBI:5147,CHEBI:6970,MONDO:0004766
UNII:2W8I1S6T5L,CHEBI:16469,MONDO:0005386
UNII:2W8I1S6T5L,CHEBI:16469,CHEBI:41922
CHEBI:50815,CHEBI:4903,MONDO:0005294
CHEBI:50815,CHEBI:4903,CHEBI:41922
CHEBI:50815,CHEBI:4903,UniProtKB:Q865K8
CHEBI:10056,PUBCHEM.COMPOUND:5284632,MONDO:0005154
CHEBI:9765,UMLS:C0006217,MONDO:0017123
CHEBI:31394,CHEBI:4903,UniProtKB:A0A4X1SKS6
CHEBI:135096,CHEBI:16914,MONDO:0016027
CHEBI:7627,CHEBI:16469,MONDO:0043862
UNII:C3B9R0E116,CHEBI:22652,MONDO:0016027
UNII:2W8I1S6T5L,CHEBI:16469,UMLS:C1277190
CHEBI:50815,CHEBI:4903,UMLS:C0013420
UNII:2W8I1S6T5L,CHEBI:16469,MONDO:0005279
CHEBI:5147,CHEBI:3207,MONDO:0004766
CHEBI:78539,CHEBI:5778,HP:0002910
CHEBI:45924,CHEBI:9332,MONDO:0001106
UNII:2W8I1S6T5L,CHEBI:16469,HP:0002625
CHEBI:9332,CHEBI:45924,MONDO:0001106
UNII:2W8I1S6T5L,CHEBI:16469,CHEBI:41922
CHEBI:31394,CHEBI:4903,UMLS:C0854381
UNII:2W8I1S6T5L,CHEBI:16469,UMLS:C0854381
UNII:5UW00M8KR0,UNII:R17X820ROL,MONDO:0001106
CHEBI:88258,CHEBI:45924,MONDO:0005009
UNII:5UW00M8KR0,UNII:R17X820ROL,MONDO:0005009
CHEBI:29688,CHEBI:27882,HP:0001410
CHEBI:135446,PUBCHEM.COMPOUND:45357473,UMLS:C1261367
DRUGBANK:DB13195,DRUGBANK:DB14343,MONDO:0018746
CHEBI:31394,CHEBI:4903,MONDO:0005148
CHEBI:59477,CHEBI:3077,MONDO:0021948
CHEBI:50815,CHEBI:4903,EFO:0009573
CHEBI:134850,CHEBI:17439,MONDO:0005485
CHEBI:9765,CHEBI:28527,MONDO:0017123
DRUGBANK:DB13195,CHEBI:28304,MONDO:0018746
CHEBI:134850,CHEBI:31749,MONDO:0005485
CHEBI:134850,CHEBI:41879,MONDO:0005485
CHEBI:135446,PUBCHEM.COMPOUND:45357473,UMLS:C0559162
CHEBI:9332,CHEBI:45924,UMLS:C0151763
CHEBI:6970,UNII:D27V6190PM,MONDO:0005113
CHEBI:6970,UNII:D27V6190PM,MONDO:0002040
CHEBI:135446,PUBCHEM.COMPOUND:45357473,UMLS:C1277190
CHEBI:135446,PUBCHEM.COMPOUND:45357473,UniProtKB:Q865K8
CHEBI:41879,CHEBI:100241,MONDO:0007498
UNII:2W8I1S6T5L,CHEBI:16469,MONDO:0005399
CHEBI:45924,CHEBI:9332,UMLS:C0151763
CHEBI:9332,CHEBI:45924,MONDO:0001860
UNII:D27V6190PM,CHEBI:6970,MONDO:0005113
CHEBI:134850,CHEBI:6456,MONDO:0005485
CHEBI:135446,PUBCHEM.COMPOUND:45357473,CHEBI:41922
CHEBI:135446,PUBCHEM.COMPOUND:45357473,NCIT:C26945
UNII:D27V6190PM,CHEBI:6970,MONDO:0002040
CHEBI:135446,PUBCHEM.COMPOUND:45357473,MONDO:0016027
CHEBI:10056,PUBCHEM.COMPOUND:5284632,MONDO:0001744
CHEBI:31394,CHEBI:4903,UniProtKB:A0A4X1SKS6
CHEBI:31394,CHEBI:4903,UMLS:C3887021
CHEBI:5147,CHEBI:6970,MONDO:0004766
UNII:2W8I1S6T5L,CHEBI:16469,MONDO:0005386
UNII:2W8I1S6T5L,CHEBI:16469,CHEBI:41922
CHEBI:50815,CHEBI:4903,MONDO:0005294
CHEBI:50815,CHEBI:4903,CHEBI:41922
CHEBI:50815,CHEBI:4903,UniProtKB:Q865K8
CHEBI:10056,PUBCHEM.COMPOUND:5284632,MONDO:0005154
CHEBI:9765,UMLS:C0006217,MONDO:0017123
CHEBI:31394,CHEBI:4903,UniProtKB:A0A4X1SKS6
CHEBI:135096,CHEBI:16914,MONDO:0016027
CHEBI:7627,CHEBI:16469,MONDO:0043862
UNII:C3B9R0E116,CHEBI:22652,MONDO:0016027
UNII:2W8I1S6T5L,CHEBI:16469,UMLS:C1277190
CHEBI:50815,CHEBI:4903,UMLS:C0013420
UNII:2W8I1S6T5L,CHEBI:16469,MONDO:0005279
CHEBI:5147,CHEBI:3207,MONDO:0004766
CHEBI:78539,CHEBI:5778,HP:0002910
CHEBI:45924,CHEBI:9332,MONDO:0001106
UNII:2W8I1S6T5L,CHEBI:16469,HP:0002625
CHEBI:9332,CHEBI:45924,MONDO:0001106
UNII:2W8I1S6T5L,CHEBI:16469,CHEBI:41922
CHEBI:31394,CHEBI:4903,UMLS:C0854381
UNII:2W8I1S6T5L,CHEBI:16469,UMLS:C0854381
UNII:5UW00M8KR0,UNII:R17X820ROL,MONDO:0001106
UNII:5UW00M8KR0,UNII:R17X820ROL,MONDO:0005009
CHEBI:135446,PUBCHEM.COMPOUND:45357473,UMLS:C1261367
DRUGBANK:DB13195,DRUGBANK:DB14343,MONDO:0018746
CHEBI:31394,CHEBI:4903,MONDO:0005148
CHEBI:59477,CHEBI:3077,MONDO:0021948
CHEBI:50815,CHEBI:4903,EFO:0009573
CHEBI:134850,CHEBI:17439,MONDO:0005485
CHEBI:9765,CHEBI:28527,MONDO:0017123
DRUGBANK:DB13195,CHEBI:28304,MONDO:0018746
CHEBI:134850,CHEBI:31749,MONDO:0005485
CHEBI:134850,CHEBI:41879,MONDO:0005485
UNII:C3B9R0E116,CHEBI:22652,MONDO:0016027
DRUGBANK:DB13195,DRUGBANK:DB14343,MONDO:0018746
DRUGBANK:DB13195,CHEBI:28304,MONDO:0018746
CHEBI:59477,CHEBI:3077,NCIT:C111970
UNII:Q3B1Y93C1S,UNII:8NY9L8837D,UMLS:C0410447
UNII:2W8I1S6T5L,CHEBI:16469,HP:0040298
UNII:2M3055079H,CHEBI:5100,UMLS:C4303073
CHEBI:134850,CHEBI:31749,MONDO:0003240
UNII:5UW00M8KR0,UNII:R17X820ROL,MONDO:0006684
CHEBI:31394,CHEBI:4903,MONDO:0001751
CHEBI:31394,CHEBI:4903,MONDO:0009380
UNII:5UW00M8KR0,UNII:R17X820ROL,MONDO:0006932
CHEBI:6909,CHEBI:4659,MONDO:0007079
CHEBI:31394,CHEBI:4903,HP:0000952
CHEBI:134850,CHEBI:6456,MONDO:0005267
CHEBI:186232,CHEBI:8093,MONDO:0005267
CHEBI:135446,PUBCHEM.COMPOUND:45357473,MONDO:0001531
CHEBI:9765,CHEBI:28527,MONDO:0001531
CHEBI:134850,CHEBI:41879,MONDO:0005468
UNII:Q3B1Y93C1S,UNII:8NY9L8837D,UMLS:C1536052
CHEBI:31394,CHEBI:4903,MONDO:0009380
CHEBI:135446,PUBCHEM.COMPOUND:45357473,MONDO:0005098
DRUGBANK:DB15889,DRUGBANK:DB15860,HP:0002013
UNII:2W8I1S6T5L,CHEBI:16469,MONDO:0005098
UNII:Q3B1Y93C1S,UNII:8NY9L8837D,HP:0002015
PUBCHEM.COMPOUND:4786,CHEBI:5551,MONDO:0005010
CHEBI:78539,CHEBI:5778,MONDO:0000755
CHEBI:31394,CHEBI:4903,MONDO:0002887
CHEBI:94362,UNII:19FUJ2C58T,MONDO:0010138
CHEBI:134850,CHEBI:41879,UMLS:C0948998
PUBCHEM.COMPOUND:4786,CHEBI:5551,MONDO:0010138
CHEBI:186232,CHEBI:135611,MONDO:0010138
UNII:2W8I1S6T5L,CHEBI:16469,MONDO:0008560
CHEBI:135096,CHEBI:16914,MONDO:0004980
UNII:2W8I1S6T5L,CHEBI:16469,HP:0002625
CHEBI:10056,PUBCHEM.COMPOUND:5284632,UMLS:C0585136
CHEBI:134850,CHEBI:31749,MONDO:0018542
UNII:C3B9R0E116,CHEBI:22652,UMLS:C1271063
CHEBI:22469,PUBCHEM.COMPOUND:2758,UMLS:C1271063
CHEBI:135096,CHEBI:16914,UMLS:C1271063
CHEBI:134850,CHEBI:31749,UMLS:C0264714
CHEBI:30812,CHEBI:8346,MONDO:0001751
CHEBI:30812,CHEBI:8346,MONDO:0009380
CHEBI:32322,CHEBI:46936,UMLS:C4228089
CHEBI:135446,PUBCHEM.COMPOUND:45357473,MONDO:0005027
CHEBI:30812,CHEBI:8346,NCIT:C26943
CHEBI:88258,CHEBI:45924,UMLS:C0860551
UNII:Q3B1Y93C1S,CHEBI:28741,UMLS:C0410447
CHEBI:134850,CHEBI:17439,MONDO:0003240
CHEBI:134850,CHEBI:31749,MONDO:0005267
CHEBI:186232,CHEBI:135611,MONDO:0005267
CHEBI:9765,UMLS:C0006217,MONDO:0001531
CHEBI:134850,CHEBI:6456,MONDO:0005468
UNII:Q3B1Y93C1S,CHEBI:28741,UMLS:C1536052
UNII:Q3B1Y93C1S,CHEBI:28741,HP:0002015
CHEBI:94362,UNII:7Y4N11PXO8,MONDO:0010138
CHEBI:134850,CHEBI:17439,UMLS:C0948998
CHEBI:186232,CHEBI:8093,MONDO:0010138
CHEBI:134850,CHEBI:41879,MONDO:0018542
CHEBI:134850,CHEBI:41879,UMLS:C0264714
CHEBI:30812,UNII:86Q357L16B,MONDO:0001751
CHEBI:30812,UNII:86Q357L16B,MONDO:0009380
CHEBI:30812,UNII:86Q357L16B,NCIT:C26943
CHEBI:134850,CHEBI:41879,MONDO:0003240
CHEBI:134850,CHEBI:41879,MONDO:0005267
CHEBI:134850,CHEBI:17439,MONDO:0005468
CHEBI:134850,CHEBI:6456,UMLS:C0948998
CHEBI:134850,CHEBI:6456,MONDO:0018542
CHEBI:134850,CHEBI:17439,UMLS:C0264714
CHEBI:30812,CHEBI:49553,MONDO:0001751
CHEBI:30812,CHEBI:49553,MONDO:0009380
CHEBI:30812,CHEBI:49553,NCIT:C26943
CHEBI:134850,CHEBI:6456,MONDO:0003240
CHEBI:134850,CHEBI:17439,MONDO:0005267
CHEBI:134850,CHEBI:31749,MONDO:0005468
CHEBI:134850,CHEBI:31749,UMLS:C0948998
CHEBI:134850,CHEBI:17439,MONDO:0018542
CHEBI:134850,CHEBI:6456,UMLS:C0264714
CHEBI:30812,CHEBI:28741,MONDO:0001751
CHEBI:30812,CHEBI:28741,MONDO:0009380
CHEBI:30812,CHEBI:28741,NCIT:C26943
CHEBI:30812,CHEBI:75215,MONDO:0001751
CHEBI:30812,CHEBI:75215,MONDO:0009380
CHEBI:30812,CHEBI:75215,NCIT:C26943
CHEBI:30812,UNII:Z310X5O5RP,MONDO:0001751
CHEBI:30812,UNII:Z310X5O5RP,MONDO:0009380
CHEBI:30812,UNII:Z310X5O5RP,NCIT:C26943
CHEBI:30812,CHEBI:29035,MONDO:0001751
CHEBI:30812,CHEBI:29035,MONDO:0009380
CHEBI:30812,CHEBI:29035,NCIT:C26943
CHEBI:30812,CHEBI:27568,MONDO:0001751
CHEBI:30812,CHEBI:27568,MONDO:0009380
CHEBI:30812,CHEBI:27568,NCIT:C26943
CHEBI:59477,CHEBI:3077,NCIT:C111970
UNII:Q3B1Y93C1S,UNII:8NY9L8837D,UMLS:C0410447
UNII:2W8I1S6T5L,CHEBI:16469,HP:0040298
UNII:2M3055079H,CHEBI:5100,UMLS:C4303073
CHEBI:134850,CHEBI:31749,MONDO:0003240
UNII:5UW00M8KR0,UNII:R17X820ROL,MONDO:0006684
CHEBI:31394,CHEBI:4903,MONDO:0001751
CHEBI:31394,CHEBI:4903,MONDO:0009380
UNII:5UW00M8KR0,UNII:R17X820ROL,MONDO:0006932
CHEBI:31394,CHEBI:4903,HP:0000952
CHEBI:134850,CHEBI:6456,MONDO:0005267
CHEBI:135446,PUBCHEM.COMPOUND:45357473,MONDO:0001531
CHEBI:9765,CHEBI:28527,MONDO:0001531
CHEBI:134850,CHEBI:41879,MONDO:0005468
UNII:Q3B1Y93C1S,UNII:8NY9L8837D,UMLS:C1536052
CHEBI:31394,CHEBI:4903,MONDO:0009380
CHEBI:135446,PUBCHEM.COMPOUND:45357473,MONDO:0005098
UNII:2W8I1S6T5L,CHEBI:16469,MONDO:0005098
UNII:Q3B1Y93C1S,UNII:8NY9L8837D,HP:0002015
PUBCHEM.COMPOUND:4786,CHEBI:5551,MONDO:0005010
CHEBI:78539,CHEBI:5778,MONDO:0000755
CHEBI:31394,CHEBI:4903,MONDO:0002887
CHEBI:94362,UNII:19FUJ2C58T,MONDO:0010138
CHEBI:134850,CHEBI:41879,UMLS:C0948998
PUBCHEM.COMPOUND:4786,CHEBI:5551,MONDO:0010138
UNII:2W8I1S6T5L,CHEBI:16469,MONDO:0008560
UNII:2W8I1S6T5L,CHEBI:16469,HP:0002625
CHEBI:10056,PUBCHEM.COMPOUND:5284632,UMLS:C0585136
CHEBI:134850,CHEBI:31749,MONDO:0018542
UNII:C3B9R0E116,CHEBI:22652,UMLS:C1271063
CHEBI:135096,CHEBI:16914,UMLS:C1271063
CHEBI:134850,CHEBI:31749,UMLS:C0264714
CHEBI:30812,CHEBI:8346,MONDO:0001751
CHEBI:30812,CHEBI:8346,MONDO:0009380
CHEBI:32322,CHEBI:46936,UMLS:C4228089
CHEBI:135446,PUBCHEM.COMPOUND:45357473,MONDO:0005027
CHEBI:30812,CHEBI:8346,NCIT:C26943
UNII:Q3B1Y93C1S,CHEBI:28741,UMLS:C0410447
CHEBI:134850,CHEBI:17439,MONDO:0003240
CHEBI:134850,CHEBI:31749,MONDO:0005267
CHEBI:9765,UMLS:C0006217,MONDO:0001531
CHEBI:134850,CHEBI:6456,MONDO:0005468
UNII:Q3B1Y93C1S,CHEBI:28741,UMLS:C1536052
UNII:Q3B1Y93C1S,CHEBI:28741,HP:0002015
CHEBI:94362,UNII:7Y4N11PXO8,MONDO:0010138
CHEBI:134850,CHEBI:17439,UMLS:C0948998
CHEBI:134850,CHEBI:41879,MONDO:0018542
CHEBI:134850,CHEBI:41879,UMLS:C0264714
CHEBI:30812,UNII:86Q357L16B,MONDO:0001751
CHEBI:30812,UNII:86Q357L16B,MONDO:0009380
CHEBI:30812,UNII:86Q357L16B,NCIT:C26943
CHEBI:134850,CHEBI:41879,MONDO:0003240
CHEBI:134850,CHEBI:41879,MONDO:0005267
CHEBI:134850,CHEBI:17439,MONDO:0005468
CHEBI:134850,CHEBI:6456,UMLS:C0948998
CHEBI:134850,CHEBI:6456,MONDO:0018542
CHEBI:134850,CHEBI:17439,UMLS:C0264714
CHEBI:30812,CHEBI:49553,MONDO:0001751
CHEBI:30812,CHEBI:49553,MONDO:0009380
CHEBI:30812,CHEBI:49553,NCIT:C26943
CHEBI:134850,CHEBI:6456,MONDO:0003240
CHEBI:134850,CHEBI:17439,MONDO:0005267
CHEBI:134850,CHEBI:31749,MONDO:0005468
CHEBI:134850,CHEBI:31749,UMLS:C0948998
CHEBI:134850,CHEBI:17439,MONDO:0018542
CHEBI:134850,CHEBI:6456,UMLS:C0264714
CHEBI:30812,CHEBI:28741,MONDO:0001751
CHEBI:30812,CHEBI:28741,MONDO:0009380
CHEBI:30812,CHEBI:28741,NCIT:C26943
CHEBI:30812,CHEBI:75215,MONDO:0001751
CHEBI:30812,CHEBI:75215,MONDO:0009380
CHEBI:30812,CHEBI:75215,NCIT:C26943
CHEBI:30812,UNII:Z310X5O5RP,MONDO:0001751
CHEBI:30812,UNII:Z310X5O5RP,MONDO:0009380
CHEBI:30812,UNII:Z310X5O5RP,NCIT:C26943
CHEBI:30812,CHEBI:29035,MONDO:0001751
CHEBI:30812,CHEBI:29035,MONDO:0009380
CHEBI:30812,CHEBI:29035,NCIT:C26943
CHEBI:30812,CHEBI:27568,MONDO:0001751
CHEBI:30812,CHEBI:27568,MONDO:0009380
CHEBI:30812,CHEBI:27568,NCIT:C26943
UNII:C3B9R0E116,CHEBI:22652,UMLS:C1271063
CHEBI:32322,CHEBI:46936,UMLS:C4228089
UNII:2XOI31YC4N,CHEBI:72292,CHEBI:72292
CHEBI:50838,CHEBI:4903,HP:0001907
CHEBI:50838,CHEBI:4903,UniProtKB:A0A8D1B937
CHEBI:50838,CHEBI:4903,HP:0040298
CHEBI:114786,CHEBI:17234,MONDO:0000465
CHEBI:135499,CHEBI:9671,MONDO:0001548
CHEBI:88258,CHEBI:45924,MONDO:0008294
CHEBI:6801,CHEBI:82720,UMLS:C0851439
CHEBI:85537,CHEBI:4470,MONDO:0005267
CHEBI:134753,CHEBI:28939,MONDO:0005267
CHEBI:135360,CHEBI:64318,MONDO:0007079
CHEBI:88258,CHEBI:45924,HP:0000952
CHEBI:88258,CHEBI:45924,MONDO:0018229
UNII:WA1RT89G9X,CHEBI:31623,MONDO:0002041
CHEBI:34910,CHEBI:135276,MONDO:0005027
CHEBI:34910,CHEBI:135276,MONDO:0002203
CHEBI:142773,CHEBI:50838,HP:0200119
CHEBI:135214,CHEBI:10454,UMLS:C0542052
CHEBI:135214,CHEBI:10454,UMLS:C1998297
DRUGBANK:DB15860,DRUGBANK:DB15889,HP:0002013
DRUGBANK:DB15815,DRUGBANK:DB15478,HP:0002013
CHEBI:28098,CHEBI:31415,MONDO:0020944
CHEBI:135360,CHEBI:64318,UMLS:C0243026
CHEBI:135214,CHEBI:10454,NCIT:C78253
CHEBI:85537,CHEBI:4470,UMLS:C0521587
CHEBI:135581,CHEBI:135581,UMLS:C0854334
CHEBI:135735,CHEBI:135849,MONDO:0000755
CHEBI:85537,CHEBI:4470,MONDO:0010138
UNII:BVS505O332,UMLS:C0030346,MONDO:0012354
CHEBI:59732,CHEBI:53691,UMLS:C2047834
CHEBI:27644,CHEBI:9667,UMLS:C0948998
CHEBI:134753,CHEBI:28939,MONDO:0010138
CHEBI:59732,CHEBI:53691,UMLS:C2047834
CHEBI:59732,CHEBI:53691,MONDO:0010138
CHEBI:135360,CHEBI:46195,MONDO:0005010
CHEBI:135360,CHEBI:27732,MONDO:0008538
UNII:BVS505O332,CHEBI:9765,MONDO:0009332
CHEBI:28098,CHEBI:31415,MONDO:0015288
CHEBI:28918,CHEBI:5615,NCIT:C182234
CHEBI:135360,CHEBI:64318,MONDO:0018925
CHEBI:63334,CHEBI:17698,UMLS:C0151571
CHEBI:9321,CHEBI:2676,MONDO:0015288
CHEBI:135214,CHEBI:10454,MONDO:0007263
CHEBI:174690,CHEBI:135590,UMLS:C0080203
CHEBI:135360,CHEBI:46195,MONDO:0000960
CHEBI:32354,CHEBI:93363,MONDO:0043885
CHEBI:28659,CHEBI:27470,MONDO:0001566
CHEBI:88258,CHEBI:45924,MONDO:0001700
CHEBI:48947,CHEBI:2676,MONDO:0005810
CHEBI:75037,UNII:GE2T1418SV,MONDO:0012675
UNII:2XOI31YC4N,CHEBI:63607,CHEBI:63607
CHEBI:114786,CHEBI:32954,MONDO:0018542
CHEBI:9321,CHEBI:2676,MONDO:0005101
CHEBI:77822,CHEBI:7459,MONDO:0005530
CHEBI:63334,CHEBI:17698,MONDO:0004577
CHEBI:85078,CHEBI:6801,MONDO:0024327
CHEBI:88258,CHEBI:45924,MONDO:0018229
CHEBI:142773,CHEBI:50838,HP:0200119
CHEBI:135735,CHEBI:135849,UMLS:C1998297
CHEBI:48947,CHEBI:2676,RXCUI:151392
CHEBI:28098,CHEBI:31415,MONDO:0004577
CHEBI:85078,CHEBI:71272,MONDO:0024327
CHEBI:135360,CHEBI:46195,MONDO:0007079
CHEBI:32354,CHEBI:93363,MONDO:0001744
CHEBI:114786,CHEBI:32954,MONDO:0000465
CHEBI:135360,CHEBI:27732,MONDO:0007079
DRUGBANK:DB15815,UNII:3FYP5M0IJX,HP:0002013
CHEBI:135360,CHEBI:46195,UMLS:C0243026
CHEBI:135581,CHEBI:247956,UMLS:C0854334
UNII:BVS505O332,CHEBI:9765,MONDO:0012354
DRUGBANK:DB14222,CHEBI:35176,MONDO:0003778
CHEBI:135360,CHEBI:64318,MONDO:0005010
CHEBI:135360,CHEBI:46195,MONDO:0008538
UNII:BVS505O332,UMLS:C0030346,MONDO:0009332
CHEBI:135360,CHEBI:27732,MONDO:0018925
CHEBI:63334,UMLS:C0009315,UMLS:C0151571
CHEBI:135360,CHEBI:27732,MONDO:0000960
CHEBI:28659,CHEBI:27306,MONDO:0001566
CHEBI:114786,CHEBI:17234,MONDO:0018542
CHEBI:63334,UMLS:C0009315,MONDO:0004577
CHEBI:135360,CHEBI:27732,MONDO:0007079
CHEBI:114786,CHEBI:131527,MONDO:0000465
CHEBI:135360,CHEBI:4659,MONDO:0007079
CHEBI:135360,CHEBI:27732,UMLS:C0243026
DRUGBANK:DB14222,DRUGBANK:DB11360,MONDO:0003778
CHEBI:135360,CHEBI:27732,MONDO:0005010
CHEBI:135360,CHEBI:64318,MONDO:0008538
CHEBI:135360,CHEBI:46195,MONDO:0018925
CHEBI:63334,CHEBI:3077,UMLS:C0151571
CHEBI:135360,CHEBI:64318,MONDO:0000960
CHEBI:28659,CHEBI:27363,MONDO:0001566
CHEBI:114786,CHEBI:131527,MONDO:0018542
CHEBI:63334,CHEBI:3077,MONDO:0004577
CHEBI:135360,CHEBI:64318,MONDO:0007079
CHEBI:114786,CHEBI:26710,MONDO:0000465
CHEBI:135360,CHEBI:46195,MONDO:0007079
CHEBI:28659,CHEBI:25107,MONDO:0001566
CHEBI:114786,CHEBI:26710,MONDO:0018542
CHEBI:28659,CHEBI:46905,MONDO:0001566
CHEBI:28659,CHEBI:28694,MONDO:0001566
CHEBI:28659,CHEBI:15956,MONDO:0001566
CHEBI:28659,CHEBI:28659,MONDO:0001566
CHEBI:28659,CHEBI:18385,MONDO:0001566
CHEBI:28659,CHEBI:17154,MONDO:0001566
CHEBI:28659,CHEBI:17439,MONDO:0001566
CHEBI:28659,CHEBI:22652,MONDO:0001566
CHEBI:28659,CHEBI:17015,MONDO:0001566
CHEBI:28659,CHEBI:12777,MONDO:0001566
CHEBI:28659,CHEBI:18248,MONDO:0001566
CHEBI:28659,CHEBI:22984,MONDO:0001566
CHEBI:28659,CHEBI:29035,MONDO:0001566
CHEBI:28659,CHEBI:18145,MONDO:0001566
CHEBI:28659,CHEBI:27300,MONDO:0001566
CHEBI:78539,CHEBI:5778,UMLS:C4708664
CHEBI:135096,CHEBI:16914,MONDO:0004979
CHEBI:88839,CHEBI:86541,UMLS:C0856716
CHEBI:88839,CHEBI:31832,UMLS:C0856716
CHEBI:88839,CHEBI:134761,UMLS:C0856716
CHEBI:59477,CHEBI:3077,MONDO:0004605
CHEBI:6970,UNII:D27V6190PM,MONDO:0018076
CHEBI:59477,CHEBI:3077,MONDO:0004609
UNII:D27V6190PM,CHEBI:6970,MONDO:0018076
UNII:0PA7CJ4RFB,CHEBI:247956,MONDO:0018076
CHEBI:10056,PUBCHEM.COMPOUND:5284632,HP:0000016
CHEBI:68603,CHEBI:3077,MONDO:0008558
CHEBI:88258,CHEBI:45924,UMLS:C0472387
CHEBI:78539,CHEBI:5778,MONDO:0010481
CHEBI:31394,CHEBI:4903,MONDO:0004982
CHEBI:134850,CHEBI:6456,MONDO:0004966
CHEBI:134850,CHEBI:17439,MONDO:0002474
CHEBI:31394,CHEBI:4903,MONDO:0005044
CHEBI:134850,CHEBI:31749,MONDO:0004966
CHEBI:134850,CHEBI:6456,MONDO:0002474
CHEBI:134850,CHEBI:41879,MONDO:0004966
CHEBI:134850,CHEBI:31749,MONDO:0002474
CHEBI:134850,CHEBI:17439,MONDO:0004966
CHEBI:134850,CHEBI:41879,MONDO:0002474
PUBCHEM.COMPOUND:4786,CHEBI:5551,MONDO:0005041
CHEBI:134850,CHEBI:41879,MONDO:0005041
CHEBI:186232,CHEBI:135611,MONDO:0005041
CHEBI:134850,CHEBI:6456,MONDO:0005041
CHEBI:186232,CHEBI:8093,MONDO:0005041
CHEBI:134850,CHEBI:17439,MONDO:0005041
CHEBI:134850,CHEBI:31749,MONDO:0005041
CHEBI:78539,CHEBI:5778,MONDO:0001106
CHEBI:85078,CHEBI:6801,MONDO:0001106
CHEBI:26709,CHEBI:16708,MONDO:0004736
CHEBI:26709,CHEBI:17895,MONDO:0004736
CHEBI:26709,CHEBI:18385,MONDO:0004736
CHEBI:26709,CHEBI:16908,MONDO:0004736
CHEBI:26709,UMLS:C0042285,MONDO:0004736
CHEBI:26709,CHEBI:17933,MONDO:0004736
CHEBI:26709,UMLS:C0025646,MONDO:0004736
CHEBI:26709,CHEBI:26078,MONDO:0004736
CHEBI:26709,UMLS:C0036002,MONDO:0004736
CHEBI:26709,CHEBI:15956,MONDO:0004736
CHEBI:26709,CHEBI:12777,MONDO:0004736
CHEBI:26709,UMLS:C0003999,MONDO:0004736
CHEBI:26709,CHEBI:17561,MONDO:0004736
CHEBI:26709,CHEBI:22652,MONDO:0004736
CHEBI:26709,CHEBI:16828,MONDO:0004736
CHEBI:26709,CHEBI:133538,MONDO:0004736
CHEBI:32322,CHEBI:46936,UMLS:C0947839
UNII:5UW00M8KR0,UNII:R17X820ROL,UMLS:C0161680
CHEBI:26709,CHEBI:16908,MONDO:0002476
CHEBI:88258,CHEBI:45924,MONDO:0002476
CHEBI:26709,CHEBI:133538,MONDO:0002476
CHEBI:26709,CHEBI:17933,MONDO:0002476
CHEBI:26709,CHEBI:16828,MONDO:0002476
CHEBI:26709,CHEBI:17895,MONDO:0002476
CHEBI:26709,UMLS:C0036002,MONDO:0002476
CHEBI:26709,CHEBI:17561,MONDO:0002476
CHEBI:26709,UMLS:C0042285,MONDO:0002476
CHEBI:26709,CHEBI:15956,MONDO:0002476
CHEBI:26709,UMLS:C0025646,MONDO:0002476
CHEBI:26709,CHEBI:22652,MONDO:0002476
CHEBI:26709,CHEBI:26078,MONDO:0002476
CHEBI:26709,CHEBI:12777,MONDO:0002476
CHEBI:26709,CHEBI:16708,MONDO:0002476
CHEBI:26709,CHEBI:18385,MONDO:0002476
CHEBI:26709,UMLS:C0003999,MONDO:0002476
CHEBI:26709,CHEBI:26078,MONDO:0009563
CHEBI:31394,CHEBI:4903,UMLS:C3544094
CHEBI:31394,CHEBI:4903,MONDO:0005277
CHEBI:31394,CHEBI:4903,MONDO:0005399
UNII:2W8I1S6T5L,CHEBI:16469,MONDO:0005399
PUBCHEM.COMPOUND:4786,CHEBI:5551,MONDO:0005044
CHEBI:134850,CHEBI:6456,MONDO:0005044
CHEBI:26709,CHEBI:22652,MONDO:0009563
CHEBI:134850,CHEBI:41879,MONDO:0005044
CHEBI:26709,CHEBI:15956,MONDO:0009563
CHEBI:134850,CHEBI:31749,MONDO:0005044
CHEBI:26709,UMLS:C0042285,MONDO:0009563
CHEBI:134850,CHEBI:17439,MONDO:0005044
CHEBI:26709,UMLS:C0025646,MONDO:0009563
CHEBI:26709,CHEBI:17895,MONDO:0009563
CHEBI:26709,CHEBI:16708,MONDO:0009563
CHEBI:26709,CHEBI:16908,MONDO:0009563
CHEBI:26709,CHEBI:17933,MONDO:0009563
CHEBI:26709,CHEBI:12777,MONDO:0009563
CHEBI:26709,CHEBI:18385,MONDO:0009563
CHEBI:26709,CHEBI:133538,MONDO:0009563
CHEBI:26709,CHEBI:16828,MONDO:0009563
CHEBI:26709,UMLS:C0003999,MONDO:0009563
CHEBI:26709,UMLS:C0036002,MONDO:0009563
CHEBI:26709,CHEBI:17561,MONDO:0009563
UNII:5UW00M8KR0,UNII:R17X820ROL,HP:0002918
CHEBI:50815,CHEBI:4903,MONDO:0002691
CHEBI:134850,CHEBI:17439,MONDO:0005009
CHEBI:134850,CHEBI:31749,MONDO:0005009
CHEBI:134850,CHEBI:6456,MONDO:0005009
CHEBI:134850,CHEBI:41879,MONDO:0005009
CHEBI:186232,CHEBI:8093,MONDO:0001345
CHEBI:59477,CHEBI:3077,MONDO:0006604
CHEBI:59477,CHEBI:3077,MONDO:0005608
UNII:0PA7CJ4RFB,CHEBI:247956,MONDO:0002595
DRUGBANK:DB13194,CHEBI:16714,HP:0012450
CHEBI:186232,CHEBI:135611,MONDO:0001345
CHEBI:32322,CHEBI:46936,UMLS:C0332798
CHEBI:134850,CHEBI:31749,MONDO:0004670
UNII:RUU8G67GQM,CHEBI:16914,UMLS:C0332798
CHEBI:186232,CHEBI:135611,MONDO:0009383
DRUGBANK:DB13195,CHEBI:28304,UMLS:C0332798
CHEBI:134850,CHEBI:6456,MONDO:0004670
CHEBI:186232,CHEBI:8093,MONDO:0009383
DRUGBANK:DB13195,DRUGBANK:DB14343,UMLS:C0332798
CHEBI:134850,CHEBI:17439,MONDO:0004670
CHEBI:134850,CHEBI:41879,MONDO:0004670
UNII:2W8I1S6T5L,CHEBI:16469,UMLS:C3805038
CHEBI:36162,CHEBI:17439,MONDO:0006598
UNII:2W8I1S6T5L,CHEBI:16469,MONDO:0004743
UNII:2W8I1S6T5L,CHEBI:16469,MONDO:0011962
CHEBI:31394,CHEBI:4903,HP:0040298
UNII:0PA7CJ4RFB,CHEBI:247956,MONDO:0005976
CHEBI:59477,CHEBI:3077,MONDO:0016047
CHEBI:59477,CHEBI:3077,MONDO:0016047
DRUGBANK:DB13194,CHEBI:16714,MONDO:0021113
CHEBI:31394,CHEBI:4903,UMLS:C0588008
CHEBI:59477,CHEBI:3077,MONDO:0016047
CHEBI:59477,CHEBI:3077,MONDO:0016047
CHEBI:59477,CHEBI:3077,MONDO:0016047
CHEBI:63631,CHEBI:6801,MONDO:0024306
UNII:5UW00M8KR0,UNII:R17X820ROL,UMLS:C3472181
DRUGBANK:DB15889,DRUGBANK:DB15860,UMLS:C3472181
DRUGBANK:DB13194,CHEBI:16714,UMLS:C3203681
UNII:D0Y70F2B9J,CHEBI:30769,UMLS:C0947759
CHEBI:59477,CHEBI:3077,UMLS:C0332575
UNII:2W8I1S6T5L,CHEBI:16469,UMLS:C0877371
UNII:0PA7CJ4RFB,CHEBI:247956,MONDO:0005700
CHEBI:9332,CHEBI:45924,MONDO:0005570
CHEBI:45924,CHEBI:9332,MONDO:0005570
UNII:D0Y70F2B9J,CHEBI:17924,UMLS:C0947759
CHEBI:135446,PUBCHEM.COMPOUND:45357473,UMLS:C0155668
UNII:2W8I1S6T5L,CHEBI:16469,MONDO:0002304
CHEBI:186232,CHEBI:135611,MONDO:0005044
CHEBI:134850,CHEBI:41879,MONDO:0009688
UNII:5UW00M8KR0,UNII:R17X820ROL,MONDO:0009688
UNII:5UW00M8KR0,UNII:R17X820ROL,MONDO:0009688
CHEBI:18338,CHEBI:17154,MONDO:0005070
CHEBI:186232,CHEBI:8093,MONDO:0005044
CHEBI:134850,CHEBI:6456,MONDO:0009688
CHEBI:18338,CHEBI:27373,MONDO:0005070
CHEBI:134850,CHEBI:17439,MONDO:0009688
CHEBI:18338,CHEBI:17015,MONDO:0005070
CHEBI:134850,CHEBI:31749,MONDO:0009688
CHEBI:18338,CHEBI:15640,MONDO:0005070
CHEBI:18338,CHEBI:27306,MONDO:0005070
CHEBI:18338,CHEBI:17439,MONDO:0005070
CHEBI:31394,CHEBI:4903,MONDO:0004922
DRUGBANK:DB13195,CHEBI:28304,UMLS:C1096398
CHEBI:31394,CHEBI:4903,MONDO:0007788
CHEBI:78539,CHEBI:5778,UMLS:C1802373
CHEBI:31394,CHEBI:4903,MONDO:0007788
CHEBI:68845,CHEBI:601027,UMLS:C1802373
PUBCHEM.COMPOUND:4786,CHEBI:5551,UMLS:C1802373
CHEBI:5959,CHEBI:601027,UMLS:C1802373
UNII:R43D2573WO,CHEBI:601027,UMLS:C1802373
CHEBI:9649,CHEBI:601027,UMLS:C1802373
DRUGBANK:DB15889,DRUGBANK:DB15860,UMLS:C1802373
CHEBI:9434,CHEBI:9434,UMLS:C1802373
DRUGBANK:DB13195,DRUGBANK:DB14343,UMLS:C1096398
CHEBI:78539,CHEBI:601027,UMLS:C1802373
CHEBI:9434,CHEBI:601027,UMLS:C1802373
UNII:2W8I1S6T5L,CHEBI:16469,MONDO:0002304
CHEBI:135446,PUBCHEM.COMPOUND:45357473,MONDO:0019142
CHEBI:134850,CHEBI:31749,MONDO:0019142
UNII:2W8I1S6T5L,CHEBI:16469,MONDO:0019142
CHEBI:36162,CHEBI:17439,MONDO:0019142
CHEBI:31394,CHEBI:4903,MONDO:0019142
CHEBI:134850,CHEBI:6456,MONDO:0019142
CHEBI:134850,CHEBI:17439,MONDO:0019142
CHEBI:134850,CHEBI:41879,MONDO:0019142
DRUGBANK:DB13195,DRUGBANK:DB14343,MONDO:0002243
CHEBI:9555,CHEBI:2208,HP:0000855
CHEBI:134850,CHEBI:6456,MONDO:0010030
CHEBI:135446,PUBCHEM.COMPOUND:45357473,MONDO:0007254
CHEBI:50815,CHEBI:4903,MONDO:0007254
UNII:2W8I1S6T5L,CHEBI:16469,MONDO:0007254
CHEBI:134850,CHEBI:6456,MONDO:0010602
DRUGBANK:DB13195,CHEBI:28304,MONDO:0002243
CHEBI:134850,CHEBI:17439,MONDO:0010030
CHEBI:134850,CHEBI:41879,MONDO:0010602
CHEBI:134850,CHEBI:31749,MONDO:0010030
CHEBI:134850,CHEBI:31749,MONDO:0010602
CHEBI:134850,CHEBI:41879,MONDO:0010030
CHEBI:134850,CHEBI:17439,MONDO:0010602
CHEBI:134850,CHEBI:31749,MONDO:0005298
UNII:5UW00M8KR0,UNII:R17X820ROL,HP:0002153
CHEBI:50815,CHEBI:4903,MONDO:0005154
UNII:2W8I1S6T5L,CHEBI:16469,MONDO:0005154
CHEBI:134850,CHEBI:41879,MONDO:0005154
PUBCHEM.COMPOUND:4786,CHEBI:5551,MONDO:0004974
CHEBI:134850,CHEBI:17439,MONDO:0005298
CHEBI:134850,CHEBI:6456,MONDO:0005154
CHEBI:134850,CHEBI:6456,MONDO:0005298
CHEBI:134850,CHEBI:31749,MONDO:0005154
CHEBI:134850,CHEBI:41879,MONDO:0005298
CHEBI:134850,CHEBI:17439,MONDO:0005154
CHEBI:31394,CHEBI:4903,UMLS:C0475858
CHEBI:134850,CHEBI:6456,MONDO:0003785
CHEBI:31394,CHEBI:4903,HP:0410019
CHEBI:31394,CHEBI:4903,MONDO:0002251
CHEBI:134850,CHEBI:17439,MONDO:0004247
CHEBI:134850,CHEBI:17439,MONDO:0003785
CHEBI:134850,CHEBI:41879,MONDO:0004247
CHEBI:134850,CHEBI:31749,MONDO:0003785
CHEBI:134850,CHEBI:31749,MONDO:0004247
CHEBI:134850,CHEBI:41879,MONDO:0003785
CHEBI:134850,CHEBI:6456,MONDO:0004247
CHEBI:7627,CHEBI:16469,HP:0001907
UNII:2W8I1S6T5L,CHEBI:16469,HP:0025343
CHEBI:135446,PUBCHEM.COMPOUND:45357473,HP:0002910
UNII:JDN69ZV6XV,CHEBI:31498,MONDO:0018570
DRUGBANK:DB15889,DRUGBANK:DB15860,UMLS:C0267465
UNII:2W8I1S6T5L,CHEBI:16469,HP:0002910
CHEBI:134850,CHEBI:17439,MONDO:0007263
CHEBI:31394,CHEBI:4903,HP:0002240
UNII:JDN69ZV6XV,CHEBI:6637,MONDO:0018570
CHEBI:134850,CHEBI:6456,MONDO:0007263
CHEBI:134850,CHEBI:31749,MONDO:0007263
CHEBI:134850,CHEBI:41879,MONDO:0007263
CHEBI:135446,PUBCHEM.COMPOUND:45357473,UMLS:C0743516
CHEBI:59477,CHEBI:3077,MONDO:0002610
DRUGBANK:DB13194,CHEBI:16714,HP:0001410
CHEBI:31394,CHEBI:4903,MONDO:0001836
CHEBI:9765,UMLS:C0006217,HP:0001410
UNII:5UW00M8KR0,UNII:R17X820ROL,MONDO:0000468
UNII:5UW00M8KR0,UNII:R17X820ROL,MONDO:0000468
CHEBI:9765,CHEBI:28527,HP:0001410
DRUGBANK:DB13195,CHEBI:28304,UMLS:C0005902
CHEBI:78539,CHEBI:5778,MONDO:0001106
DRUGBANK:DB16613,PUBCHEM.COMPOUND:3467,MONDO:0001106
CHEBI:134850,CHEBI:17439,MONDO:0002243
CHEBI:47519,CHEBI:29688,MONDO:0001106
CHEBI:47519,CHEBI:135920,MONDO:0001106
CHEBI:47519,CHEBI:3732,MONDO:0001106
CHEBI:29688,CHEBI:27882,MONDO:0001106
DRUGBANK:DB13195,DRUGBANK:DB14343,UMLS:C0005902
CHEBI:78539,CHEBI:601027,MONDO:0001106
CHEBI:134850,CHEBI:6456,MONDO:0002243
CHEBI:134850,CHEBI:41879,MONDO:0002243
CHEBI:134850,CHEBI:31749,MONDO:0002243
CHEBI:31394,CHEBI:4903,HP:0100515
CHEBI:31394,CHEBI:4903,HP:0011854
CHEBI:88258,CHEBI:45924,HP:0011037
CHEBI:135446,PUBCHEM.COMPOUND:45357473,MONDO:0005628
CHEBI:50815,CHEBI:4903,MONDO:0005628
CHEBI:78539,CHEBI:5778,UMLS:C4708664
CHEBI:88839,CHEBI:86541,UMLS:C0856716
CHEBI:88839,CHEBI:31832,UMLS:C0856716
CHEBI:88839,CHEBI:134761,UMLS:C0856716
CHEBI:59477,CHEBI:3077,MONDO:0004605
CHEBI:6970,UNII:D27V6190PM,MONDO:0018076
CHEBI:59477,CHEBI:3077,MONDO:0004609
UNII:D27V6190PM,CHEBI:6970,MONDO:0018076
UNII:0PA7CJ4RFB,CHEBI:247956,MONDO:0018076
CHEBI:10056,PUBCHEM.COMPOUND:5284632,HP:0000016
CHEBI:68603,CHEBI:3077,MONDO:0008558
CHEBI:78539,CHEBI:5778,MONDO:0010481
CHEBI:31394,CHEBI:4903,MONDO:0004982
CHEBI:134850,CHEBI:6456,MONDO:0004966
CHEBI:134850,CHEBI:17439,MONDO:0002474
CHEBI:31394,CHEBI:4903,MONDO:0005044
CHEBI:134850,CHEBI:31749,MONDO:0004966
CHEBI:134850,CHEBI:6456,MONDO:0002474
CHEBI:134850,CHEBI:41879,MONDO:0004966
CHEBI:134850,CHEBI:31749,MONDO:0002474
CHEBI:134850,CHEBI:17439,MONDO:0004966
CHEBI:134850,CHEBI:41879,MONDO:0002474
PUBCHEM.COMPOUND:4786,CHEBI:5551,MONDO:0005041
CHEBI:134850,CHEBI:41879,MONDO:0005041
CHEBI:134850,CHEBI:6456,MONDO:0005041
CHEBI:134850,CHEBI:17439,MONDO:0005041
CHEBI:134850,CHEBI:31749,MONDO:0005041
CHEBI:78539,CHEBI:5778,MONDO:0001106
CHEBI:32322,CHEBI:46936,UMLS:C0947839
UNII:5UW00M8KR0,UNII:R17X820ROL,UMLS:C0161680
CHEBI:31394,CHEBI:4903,UMLS:C3544094
CHEBI:31394,CHEBI:4903,MONDO:0005277
CHEBI:31394,CHEBI:4903,MONDO:0005399
UNII:2W8I1S6T5L,CHEBI:16469,MONDO:0005399
PUBCHEM.COMPOUND:4786,CHEBI:5551,MONDO:0005044
CHEBI:134850,CHEBI:6456,MONDO:0005044
CHEBI:134850,CHEBI:41879,MONDO:0005044
CHEBI:134850,CHEBI:31749,MONDO:0005044
CHEBI:134850,CHEBI:17439,MONDO:0005044
UNII:5UW00M8KR0,UNII:R17X820ROL,HP:0002918
CHEBI:50815,CHEBI:4903,MONDO:0002691
CHEBI:134850,CHEBI:17439,MONDO:0005009
CHEBI:134850,CHEBI:31749,MONDO:0005009
CHEBI:134850,CHEBI:6456,MONDO:0005009
CHEBI:134850,CHEBI:41879,MONDO:0005009
CHEBI:59477,CHEBI:3077,MONDO:0006604
CHEBI:59477,CHEBI:3077,MONDO:0005608
UNII:0PA7CJ4RFB,CHEBI:247956,MONDO:0002595
DRUGBANK:DB13194,CHEBI:16714,HP:0012450
CHEBI:32322,CHEBI:46936,UMLS:C0332798
CHEBI:134850,CHEBI:31749,MONDO:0004670
UNII:RUU8G67GQM,CHEBI:16914,UMLS:C0332798
DRUGBANK:DB13195,CHEBI:28304,UMLS:C0332798
CHEBI:134850,CHEBI:6456,MONDO:0004670
DRUGBANK:DB13195,DRUGBANK:DB14343,UMLS:C0332798
CHEBI:134850,CHEBI:17439,MONDO:0004670
CHEBI:134850,CHEBI:41879,MONDO:0004670
UNII:2W8I1S6T5L,CHEBI:16469,UMLS:C3805038
CHEBI:36162,CHEBI:17439,MONDO:0006598
UNII:2W8I1S6T5L,CHEBI:16469,MONDO:0004743
UNII:2W8I1S6T5L,CHEBI:16469,MONDO:0011962
CHEBI:31394,CHEBI:4903,HP:0040298
UNII:0PA7CJ4RFB,CHEBI:247956,MONDO:0005976
CHEBI:59477,CHEBI:3077,MONDO:0016047
CHEBI:59477,CHEBI:3077,MONDO:0016047
DRUGBANK:DB13194,CHEBI:16714,MONDO:0021113
CHEBI:31394,CHEBI:4903,UMLS:C0588008
CHEBI:59477,CHEBI:3077,MONDO:0016047
CHEBI:59477,CHEBI:3077,MONDO:0016047
CHEBI:59477,CHEBI:3077,MONDO:0016047
CHEBI:63631,CHEBI:6801,MONDO:0024306
UNII:5UW00M8KR0,UNII:R17X820ROL,UMLS:C3472181
DRUGBANK:DB13194,CHEBI:16714,UMLS:C3203681
UNII:D0Y70F2B9J,CHEBI:30769,UMLS:C0947759
CHEBI:59477,CHEBI:3077,UMLS:C0332575
UNII:2W8I1S6T5L,CHEBI:16469,UMLS:C0877371
UNII:0PA7CJ4RFB,CHEBI:247956,MONDO:0005700
CHEBI:9332,CHEBI:45924,MONDO:0005570
CHEBI:45924,CHEBI:9332,MONDO:0005570
UNII:D0Y70F2B9J,CHEBI:17924,UMLS:C0947759
CHEBI:135446,PUBCHEM.COMPOUND:45357473,UMLS:C0155668
UNII:2W8I1S6T5L,CHEBI:16469,MONDO:0002304
CHEBI:134850,CHEBI:41879,MONDO:0009688
UNII:5UW00M8KR0,UNII:R17X820ROL,MONDO:0009688
UNII:5UW00M8KR0,UNII:R17X820ROL,MONDO:0009688
CHEBI:18338,CHEBI:17154,MONDO:0005070
CHEBI:134850,CHEBI:6456,MONDO:0009688
CHEBI:18338,CHEBI:27373,MONDO:0005070
CHEBI:134850,CHEBI:17439,MONDO:0009688
CHEBI:18338,CHEBI:17015,MONDO:0005070
CHEBI:134850,CHEBI:31749,MONDO:0009688
CHEBI:18338,CHEBI:15640,MONDO:0005070
CHEBI:18338,CHEBI:27306,MONDO:0005070
CHEBI:18338,CHEBI:17439,MONDO:0005070
CHEBI:31394,CHEBI:4903,MONDO:0004922
DRUGBANK:DB13195,CHEBI:28304,UMLS:C1096398
CHEBI:31394,CHEBI:4903,MONDO:0007788
CHEBI:78539,CHEBI:5778,UMLS:C1802373
CHEBI:31394,CHEBI:4903,MONDO:0007788
CHEBI:68845,CHEBI:601027,UMLS:C1802373
PUBCHEM.COMPOUND:4786,CHEBI:5551,UMLS:C1802373
DRUGBANK:DB13195,DRUGBANK:DB14343,UMLS:C1096398
CHEBI:78539,CHEBI:601027,UMLS:C1802373
UNII:2W8I1S6T5L,CHEBI:16469,MONDO:0002304
CHEBI:135446,PUBCHEM.COMPOUND:45357473,MONDO:0019142
CHEBI:134850,CHEBI:31749,MONDO:0019142
UNII:2W8I1S6T5L,CHEBI:16469,MONDO:0019142
CHEBI:36162,CHEBI:17439,MONDO:0019142
CHEBI:31394,CHEBI:4903,MONDO:0019142
CHEBI:134850,CHEBI:6456,MONDO:0019142
CHEBI:134850,CHEBI:17439,MONDO:0019142
CHEBI:134850,CHEBI:41879,MONDO:0019142
DRUGBANK:DB13195,DRUGBANK:DB14343,MONDO:0002243
CHEBI:134850,CHEBI:6456,MONDO:0010030
CHEBI:135446,PUBCHEM.COMPOUND:45357473,MONDO:0007254
CHEBI:50815,CHEBI:4903,MONDO:0007254
UNII:2W8I1S6T5L,CHEBI:16469,MONDO:0007254
CHEBI:134850,CHEBI:6456,MONDO:0010602
DRUGBANK:DB13195,CHEBI:28304,MONDO:0002243
CHEBI:134850,CHEBI:17439,MONDO:0010030
CHEBI:134850,CHEBI:41879,MONDO:0010602
CHEBI:134850,CHEBI:31749,MONDO:0010030
CHEBI:134850,CHEBI:31749,MONDO:0010602
CHEBI:134850,CHEBI:41879,MONDO:0010030
CHEBI:134850,CHEBI:17439,MONDO:0010602
CHEBI:134850,CHEBI:31749,MONDO:0005298
UNII:5UW00M8KR0,UNII:R17X820ROL,HP:0002153
CHEBI:50815,CHEBI:4903,MONDO:0005154
UNII:2W8I1S6T5L,CHEBI:16469,MONDO:0005154
CHEBI:134850,CHEBI:41879,MONDO:0005154
PUBCHEM.COMPOUND:4786,CHEBI:5551,MONDO:0004974
CHEBI:134850,CHEBI:17439,MONDO:0005298
CHEBI:134850,CHEBI:6456,MONDO:0005154
CHEBI:134850,CHEBI:6456,MONDO:0005298
CHEBI:134850,CHEBI:31749,MONDO:0005154
CHEBI:134850,CHEBI:41879,MONDO:0005298
CHEBI:134850,CHEBI:17439,MONDO:0005154
CHEBI:31394,CHEBI:4903,UMLS:C0475858
CHEBI:134850,CHEBI:6456,MONDO:0003785
CHEBI:31394,CHEBI:4903,HP:0410019
CHEBI:31394,CHEBI:4903,MONDO:0002251
CHEBI:134850,CHEBI:17439,MONDO:0004247
CHEBI:134850,CHEBI:17439,MONDO:0003785
CHEBI:134850,CHEBI:41879,MONDO:0004247
CHEBI:134850,CHEBI:31749,MONDO:0003785
CHEBI:134850,CHEBI:31749,MONDO:0004247
CHEBI:134850,CHEBI:41879,MONDO:0003785
CHEBI:134850,CHEBI:6456,MONDO:0004247
CHEBI:7627,CHEBI:16469,HP:0001907
UNII:2W8I1S6T5L,CHEBI:16469,HP:0025343
CHEBI:135446,PUBCHEM.COMPOUND:45357473,HP:0002910
UNII:JDN69ZV6XV,CHEBI:31498,MONDO:0018570
UNII:2W8I1S6T5L,CHEBI:16469,HP:0002910
CHEBI:134850,CHEBI:17439,MONDO:0007263
CHEBI:31394,CHEBI:4903,HP:0002240
UNII:JDN69ZV6XV,CHEBI:6637,MONDO:0018570
CHEBI:134850,CHEBI:6456,MONDO:0007263
CHEBI:134850,CHEBI:31749,MONDO:0007263
CHEBI:134850,CHEBI:41879,MONDO:0007263
CHEBI:135446,PUBCHEM.COMPOUND:45357473,UMLS:C0743516
CHEBI:59477,CHEBI:3077,MONDO:0002610
DRUGBANK:DB13194,CHEBI:16714,HP:0001410
CHEBI:31394,CHEBI:4903,MONDO:0001836
CHEBI:9765,UMLS:C0006217,HP:0001410
UNII:5UW00M8KR0,UNII:R17X820ROL,MONDO:0000468
UNII:5UW00M8KR0,UNII:R17X820ROL,MONDO:0000468
CHEBI:9765,CHEBI:28527,HP:0001410
DRUGBANK:DB13195,CHEBI:28304,UMLS:C0005902
CHEBI:78539,CHEBI:5778,MONDO:0001106
DRUGBANK:DB16613,PUBCHEM.COMPOUND:3467,MONDO:0001106
CHEBI:134850,CHEBI:17439,MONDO:0002243
DRUGBANK:DB13195,DRUGBANK:DB14343,UMLS:C0005902
CHEBI:78539,CHEBI:601027,MONDO:0001106
CHEBI:134850,CHEBI:6456,MONDO:0002243
CHEBI:134850,CHEBI:41879,MONDO:0002243
CHEBI:134850,CHEBI:31749,MONDO:0002243
CHEBI:31394,CHEBI:4903,HP:0100515
CHEBI:31394,CHEBI:4903,HP:0011854
CHEBI:135446,PUBCHEM.COMPOUND:45357473,MONDO:0005628
CHEBI:50815,CHEBI:4903,MONDO:0005628
UNII:0PA7CJ4RFB,CHEBI:247956,MONDO:0018076
CHEBI:32322,CHEBI:46936,UMLS:C0947839
UNII:0PA7CJ4RFB,CHEBI:247956,MONDO:0002595
DRUGBANK:DB13194,CHEBI:16714,HP:0012450
CHEBI:32322,CHEBI:46936,UMLS:C0332798
UNII:0PA7CJ4RFB,CHEBI:247956,MONDO:0005976
DRUGBANK:DB13194,CHEBI:16714,MONDO:0021113
CHEBI:63631,CHEBI:6801,MONDO:0024306
DRUGBANK:DB13194,CHEBI:16714,UMLS:C3203681
UNII:0PA7CJ4RFB,CHEBI:247956,MONDO:0005700
DRUGBANK:DB13194,CHEBI:16714,HP:0001410
DRUGBANK:DB13195,CHEBI:28304,UMLS:C0005902
DRUGBANK:DB16613,PUBCHEM.COMPOUND:3467,MONDO:0001106
DRUGBANK:DB13195,DRUGBANK:DB14343,UMLS:C0005902
UNII:0PA7CJ4RFB,CHEBI:247956,MONDO:0018076
UNII:0PA7CJ4RFB,CHEBI:247956,MONDO:0002595
DRUGBANK:DB13194,CHEBI:16714,HP:0012450
UNII:0PA7CJ4RFB,CHEBI:247956,MONDO:0005976
DRUGBANK:DB13194,CHEBI:16714,MONDO:0021113
CHEBI:63631,CHEBI:6801,MONDO:0024306
DRUGBANK:DB13194,CHEBI:16714,UMLS:C3203681
UNII:0PA7CJ4RFB,CHEBI:247956,MONDO:0005700
DRUGBANK:DB13194,CHEBI:16714,HP:0001410
DRUGBANK:DB13195,CHEBI:28304,UMLS:C0005902
DRUGBANK:DB13195,DRUGBANK:DB14343,UMLS:C0005902
CHEBI:135735,CHEBI:135849,UMLS:C4708664
CHEBI:75037,UNII:GE2T1418SV,MONDO:0004979
CHEBI:6801,CHEBI:82720,MONDO:0004566
CHEBI:50838,CHEBI:4903,UMLS:C1565662
CHEBI:15940,CHEBI:94731,UMLS:C4708664
CHEBI:85537,CHEBI:4470,MONDO:0005002
UNII:BVS505O332,CHEBI:9765,NCIT:C34938
CHEBI:63334,CHEBI:17698,MONDO:0004609
CHEBI:135581,CHEBI:135581,MONDO:0018076
CHEBI:135581,CHEBI:6456,MONDO:0018076
UNII:WA1RT89G9X,CHEBI:31623,MONDO:0018076
UNII:BVS505O332,UMLS:C0030346,NCIT:C34938
CHEBI:63334,CHEBI:3077,MONDO:0004609
CHEBI:135581,CHEBI:247956,MONDO:0018076
CHEBI:63334,UMLS:C0009315,MONDO:0004609
CHEBI:6801,CHEBI:82720,UMLS:C3714660
CHEBI:6801,CHEBI:82720,MONDO:0024306
CHEBI:135735,CHEBI:135849,MONDO:0800175
CHEBI:88258,CHEBI:45924,MONDO:0001117
CHEBI:85537,CHEBI:4470,MONDO:0100470
CHEBI:114786,CHEBI:26710,MONDO:0001220
CHEBI:50838,CHEBI:4903,MONDO:0004982
CHEBI:114786,CHEBI:131527,MONDO:0001220
CHEBI:114786,CHEBI:17234,MONDO:0001220
CHEBI:114786,CHEBI:32954,MONDO:0001220
CHEBI:50838,CHEBI:4903,MONDO:0007788
CHEBI:174690,CHEBI:135590,MONDO:0008647
CHEBI:135360,CHEBI:64318,MONDO:0005044
CHEBI:135360,CHEBI:46195,MONDO:0005044
CHEBI:135360,CHEBI:27732,MONDO:0005044
DRUGBANK:DB14222,DRUGBANK:DB11360,MONDO:0000945
CHEBI:85537,CHEBI:4470,HP:0002094
CHEBI:6801,CHEBI:82720,HP:5200329
CHEBI:114786,CHEBI:32954,UMLS:C0040793
CHEBI:15940,CHEBI:18385,UMLS:C0342951
CHEBI:85537,CHEBI:4470,MONDO:0005041
CHEBI:88258,CHEBI:45924,MONDO:0003664
CHEBI:135360,CHEBI:27732,MONDO:0005041
CHEBI:114786,CHEBI:17234,UMLS:C0040793
CHEBI:15940,CHEBI:18145,UMLS:C0342951
CHEBI:135360,CHEBI:46195,MONDO:0005041
DRUGBANK:DB14222,CHEBI:35176,MONDO:0000945
CHEBI:114786,CHEBI:131527,UMLS:C0040793
CHEBI:15940,CHEBI:22652,UMLS:C0342951
CHEBI:135360,CHEBI:64318,MONDO:0005041
CHEBI:114786,CHEBI:26710,UMLS:C0040793
CHEBI:15940,CHEBI:15956,UMLS:C0342951
CHEBI:15940,CHEBI:27470,UMLS:C0342951
CHEBI:15940,CHEBI:27373,UMLS:C0342951
CHEBI:15940,UNII:JTL8B7TVW7,UMLS:C0342951
CHEBI:15940,CHEBI:17015,UMLS:C0342951
CHEBI:15940,CHEBI:12777,UMLS:C0342951
CHEBI:15940,CHEBI:27300,UMLS:C0342951
CHEBI:15940,CHEBI:27306,UMLS:C0342951
CHEBI:15940,CHEBI:18067,UMLS:C0342951
CHEBI:15940,CHEBI:30411,UMLS:C0342951
CHEBI:63334,CHEBI:17698,UMLS:C0010032
CHEBI:9321,CHEBI:2676,MONDO:0000705
CHEBI:135735,CHEBI:135849,UMLS:C2585811
CHEBI:27644,CHEBI:9667,UMLS:C0037284
CHEBI:85078,CHEBI:71272,UMLS:C2585811
CHEBI:6801,CHEBI:82720,HP:0031273
CHEBI:85078,CHEBI:6801,UMLS:C2585811
CHEBI:135360,CHEBI:27732,HP:0031273
CHEBI:63334,CHEBI:3077,UMLS:C0010032
CHEBI:135360,CHEBI:64318,HP:0031273
CHEBI:63334,UMLS:C0009315,UMLS:C0010032
CHEBI:135360,CHEBI:46195,HP:0031273
CHEBI:135499,CHEBI:9671,MONDO:0001106
CHEBI:135735,CHEBI:135849,MONDO:0001106
CHEBI:135499,CHEBI:9671,MONDO:0002476
CHEBI:114786,CHEBI:26710,MONDO:0002476
CHEBI:114786,CHEBI:32954,MONDO:0002476
CHEBI:114786,CHEBI:17234,MONDO:0002476
CHEBI:114786,CHEBI:131527,MONDO:0002476
UNII:BVS505O332,CHEBI:9765,MONDO:0006130
CHEBI:142773,CHEBI:50838,MONDO:0002691
CHEBI:135581,CHEBI:6456,MONDO:0005770
CHEBI:9321,CHEBI:2676,MONDO:0004335
CHEBI:50838,CHEBI:4903,MONDO:0005399
UNII:BVS505O332,UMLS:C0030346,MONDO:0006130
CHEBI:135214,CHEBI:10454,HP:0001259
CHEBI:28659,CHEBI:46905,HP:0002918
CHEBI:28098,CHEBI:31415,MONDO:0006876
CHEBI:63334,CHEBI:17698,MONDO:0006876
CHEBI:50838,CHEBI:4903,MONDO:0002691
CHEBI:6838,CHEBI:16236,HP:0001259
UMLS:C0085272,CHEBI:7627,MONDO:0002691
CHEBI:85078,CHEBI:6801,MONDO:0012819
CHEBI:28659,CHEBI:27470,HP:0002918
CHEBI:63334,UMLS:C0009315,MONDO:0006876
CHEBI:28659,CHEBI:28659,HP:0002918
CHEBI:63334,CHEBI:3077,MONDO:0006876
CHEBI:28659,CHEBI:27300,HP:0002918
CHEBI:28659,CHEBI:27363,HP:0002918
CHEBI:28659,CHEBI:22652,HP:0002918
CHEBI:28659,CHEBI:17439,HP:0002918
CHEBI:28659,CHEBI:22984,HP:0002918
CHEBI:28659,CHEBI:18385,HP:0002918
CHEBI:28659,CHEBI:29035,HP:0002918
CHEBI:28659,CHEBI:18248,HP:0002918
CHEBI:28659,CHEBI:15956,HP:0002918
CHEBI:28659,CHEBI:17154,HP:0002918
CHEBI:28659,CHEBI:25107,HP:0002918
CHEBI:28659,CHEBI:28694,HP:0002918
CHEBI:28659,CHEBI:17015,HP:0002918
CHEBI:28659,CHEBI:27306,HP:0002918
CHEBI:28659,CHEBI:18145,HP:0002918
CHEBI:28659,CHEBI:12777,HP:0002918
CHEBI:59732,CHEBI:53691,UMLS:C2186977
CHEBI:27644,CHEBI:9667,MONDO:0005608
CHEBI:135581,CHEBI:247956,MONDO:0002595
CHEBI:135581,CHEBI:135581,MONDO:0005608
CHEBI:135581,CHEBI:6456,MONDO:0005608
CHEBI:28659,CHEBI:18145,UBERON:0001008
CHEBI:135581,CHEBI:135581,MONDO:0006604
CHEBI:135581,CHEBI:135581,MONDO:0002595
CHEBI:135581,CHEBI:247956,MONDO:0005608
CHEBI:28659,CHEBI:22984,UBERON:0001008
CHEBI:135581,CHEBI:247956,MONDO:0006604
CHEBI:28659,CHEBI:27363,UBERON:0001008
CHEBI:28659,CHEBI:12777,UBERON:0001008
CHEBI:28659,CHEBI:28659,UBERON:0001008
CHEBI:28659,CHEBI:27470,UBERON:0001008
CHEBI:28659,CHEBI:46905,UBERON:0001008
CHEBI:28659,CHEBI:22652,UBERON:0001008
CHEBI:28659,CHEBI:17015,UBERON:0001008
CHEBI:28659,CHEBI:27300,UBERON:0001008
CHEBI:28659,CHEBI:18248,UBERON:0001008
CHEBI:28659,CHEBI:28694,UBERON:0001008
CHEBI:28659,CHEBI:18385,UBERON:0001008
CHEBI:28659,CHEBI:25107,UBERON:0001008
CHEBI:28659,CHEBI:15956,UBERON:0001008
CHEBI:28659,CHEBI:29035,UBERON:0001008
CHEBI:28659,CHEBI:27306,UBERON:0001008
CHEBI:28659,CHEBI:17439,UBERON:0001008
CHEBI:28659,CHEBI:17154,UBERON:0001008
CHEBI:135499,CHEBI:9671,MONDO:0005393
CHEBI:48947,CHEBI:2676,MONDO:0005810
CHEBI:9321,CHEBI:2676,UMLS:C0678202
CHEBI:9321,CHEBI:2676,MONDO:0005810
CHEBI:135735,CHEBI:135849,MONDO:0005852
UNII:BVS505O332,UMLS:C0030346,UMLS:C0178808
CHEBI:88258,CHEBI:45924,MONDO:0004670
DRUGBANK:DB15836,CHEBI:36773,UMLS:C0332798
CHEBI:50838,CHEBI:4903,MONDO:0009383
UNII:BVS505O332,CHEBI:9765,UMLS:C0178808
DRUGBANK:DB15836,UNII:XJ6RUH0O4G,UMLS:C0332798
DRUGBANK:DB15836,CHEBI:9599,UMLS:C0332798
DRUGBANK:DB15836,PUBCHEM.COMPOUND:2758,UMLS:C0332798
DRUGBANK:DB15836,DRUGBANK:DB14322,UMLS:C0332798
DRUGBANK:DB15836,CHEBI:25187,UMLS:C0332798
CHEBI:63334,CHEBI:3077,MONDO:0001642
CHEBI:174690,CHEBI:135590,MONDO:0021759
CHEBI:135499,CHEBI:9671,MONDO:0001566
CHEBI:50838,CHEBI:4903,MONDO:0005300
CHEBI:135581,CHEBI:6456,MONDO:0005976
CHEBI:63334,UMLS:C0009315,MONDO:0001642
CHEBI:63334,CHEBI:17698,MONDO:0001642
CHEBI:34910,CHEBI:135276,MONDO:0021113
CHEBI:85537,CHEBI:4470,MONDO:0005044
CHEBI:135735,CHEBI:135849,MONDO:0006805
CHEBI:134753,CHEBI:28939,MONDO:0005044
CHEBI:6801,CHEBI:82720,MONDO:0100192
CHEBI:174690,CHEBI:135590,MONDO:0010138
CHEBI:135360,CHEBI:46195,MONDO:0005044
CHEBI:135360,CHEBI:27732,MONDO:0005044
CHEBI:135360,CHEBI:64318,MONDO:0005044
CHEBI:142773,CHEBI:50838,MONDO:0000004
CHEBI:50838,CHEBI:4903,UMLS:C0337664
CHEBI:142773,CHEBI:50838,MONDO:0005155
CHEBI:50838,CHEBI:4903,MONDO:0000004
CHEBI:59732,CHEBI:53691,UMLS:C0436510
CHEBI:135360,CHEBI:46195,MONDO:0005475
DRUGBANK:DB15860,DRUGBANK:DB15889,UMLS:C3472181
DRUGBANK:DB15815,DRUGBANK:DB15478,UMLS:C3472181
CHEBI:135360,CHEBI:64318,MONDO:0005475
DRUGBANK:DB15815,UNII:3FYP5M0IJX,UMLS:C3472181
CHEBI:135360,CHEBI:27732,MONDO:0005475
CHEBI:135214,CHEBI:10454,MONDO:0005570
UNII:BVS505O332,CHEBI:9765,HP:0002239
CHEBI:85537,CHEBI:4470,MONDO:0021259
CHEBI:77822,CHEBI:7459,MONDO:0005155
UNII:BVS505O332,UMLS:C0030346,HP:0002239
CHEBI:134753,CHEBI:28939,UMLS:C0342398
UNII:BVS505O332,CHEBI:9765,MONDO:0005070
CHEBI:6801,CHEBI:82720,HP:0001944
CHEBI:135214,CHEBI:10454,HP:0031273
UNII:BVS505O332,CHEBI:9765,MONDO:0005070
CHEBI:28659,CHEBI:17154,MONDO:0018570
UNII:BVS505O332,UMLS:C0030346,MONDO:0005070
UNII:BVS505O332,UMLS:C0030346,MONDO:0005070
CHEBI:28659,CHEBI:27363,MONDO:0018570
CHEBI:28659,CHEBI:17015,MONDO:0018570
CHEBI:28659,CHEBI:28694,MONDO:0018570
CHEBI:28659,CHEBI:18385,MONDO:0018570
CHEBI:28659,CHEBI:46905,MONDO:0018570
CHEBI:28659,CHEBI:22652,MONDO:0018570
CHEBI:28659,CHEBI:22984,MONDO:0018570
CHEBI:28659,CHEBI:17439,MONDO:0018570
CHEBI:28659,CHEBI:27470,MONDO:0018570
CHEBI:28659,CHEBI:12777,MONDO:0018570
CHEBI:28659,CHEBI:15956,MONDO:0018570
CHEBI:28659,CHEBI:25107,MONDO:0018570
CHEBI:28659,CHEBI:27306,MONDO:0018570
CHEBI:28659,CHEBI:27300,MONDO:0018570
CHEBI:28659,CHEBI:18248,MONDO:0018570
CHEBI:28659,CHEBI:29035,MONDO:0018570
CHEBI:28659,CHEBI:18145,MONDO:0018570
CHEBI:28659,CHEBI:28659,MONDO:0018570
CHEBI:135735,CHEBI:135849,UMLS:C1802373
CHEBI:135581,CHEBI:247956,MONDO:0000741
CHEBI:64019,CHEBI:601027,UMLS:C1802373
CHEBI:3698,CHEBI:601027,UMLS:C1802373
UMLS:C0065374,CHEBI:601027,UMLS:C1802373
CHEBI:8024,CHEBI:601027,UMLS:C1802373
CHEBI:4784,CHEBI:601027,UMLS:C1802373
CHEBI:9927,CHEBI:601027,UMLS:C1802373
CHEBI:9927,CHEBI:601027,UMLS:C1802373
CHEBI:3347,CHEBI:601027,UMLS:C1802373
CHEBI:6960,CHEBI:601027,UMLS:C1802373
CHEBI:8774,CHEBI:601027,UMLS:C1802373
DRUGBANK:DB15860,DRUGBANK:DB15889,UMLS:C1802373
CHEBI:31932,CHEBI:601027,UMLS:C1802373
CHEBI:135735,CHEBI:601027,UMLS:C1802373
CHEBI:135581,CHEBI:135581,MONDO:0000741
CHEBI:142773,UNII:OU2YM37K86,MONDO:0005231
CHEBI:88258,CHEBI:45924,MONDO:0015909
CHEBI:3215,CHEBI:6741,MONDO:0005010
CHEBI:50838,CHEBI:4903,MONDO:0019142
CHEBI:88258,CHEBI:45924,MONDO:0019142
CHEBI:142773,CHEBI:85183,MONDO:0005231
CHEBI:142773,CHEBI:45409,MONDO:0005231
CHEBI:142773,CHEBI:50838,MONDO:0005231
CHEBI:50838,CHEBI:4903,MONDO:0005475
CHEBI:135735,CHEBI:135849,MONDO:0001422
CHEBI:135735,CHEBI:135849,MONDO:0005045
CHEBI:135499,CHEBI:9671,HP:0011106
DRUGBANK:DB14222,DRUGBANK:DB11360,MONDO:0003778
CHEBI:50838,CHEBI:4903,NCIT:C50638
DRUGBANK:DB14222,CHEBI:35176,MONDO:0003778
CHEBI:134753,CHEBI:28939,MONDO:0004974
CHEBI:135499,CHEBI:9671,HP:0002153
CHEBI:142773,CHEBI:50838,UMLS:C0337664
CHEBI:135492,CHEBI:50156,HP:0002153
CHEBI:114786,CHEBI:26710,HP:0002153
CHEBI:2676,CHEBI:48947,MONDO:0005154
UMLS:C0085272,CHEBI:7627,MONDO:0005154
CHEBI:3732,CHEBI:3732,MONDO:0005154
CHEBI:135214,CHEBI:10454,MONDO:0004974
CHEBI:50838,CHEBI:4903,MONDO:0005154
CHEBI:48947,CHEBI:2676,MONDO:0005154
CHEBI:114786,CHEBI:32954,HP:0002153
CHEBI:114786,CHEBI:17234,HP:0002153
CHEBI:114786,CHEBI:131527,HP:0002153
CHEBI:88258,CHEBI:45924,MONDO:0003785
CHEBI:28659,CHEBI:46905,MONDO:0008171
CHEBI:88258,CHEBI:45924,MONDO:0001609
CHEBI:28659,CHEBI:28694,MONDO:0008171
CHEBI:63334,CHEBI:17698,MONDO:0003799
CHEBI:28098,CHEBI:31415,MONDO:0003799
CHEBI:28659,CHEBI:25107,MONDO:0008171
CHEBI:28659,CHEBI:22984,MONDO:0008171
CHEBI:63334,UMLS:C0009315,MONDO:0003799
CHEBI:28659,CHEBI:17439,MONDO:0008171
CHEBI:28659,CHEBI:28659,MONDO:0008171
CHEBI:63334,CHEBI:3077,MONDO:0003799
CHEBI:28659,CHEBI:27300,MONDO:0008171
CHEBI:28659,CHEBI:18145,MONDO:0008171
CHEBI:28659,CHEBI:18248,MONDO:0008171
CHEBI:28659,CHEBI:27470,MONDO:0008171
CHEBI:28659,CHEBI:17154,MONDO:0008171
CHEBI:28659,CHEBI:29035,MONDO:0008171
CHEBI:28659,CHEBI:15956,MONDO:0008171
CHEBI:28659,CHEBI:46905,MONDO:0008171
CHEBI:28659,CHEBI:28694,MONDO:0008171
CHEBI:28659,CHEBI:22652,MONDO:0008171
CHEBI:28659,CHEBI:18385,MONDO:0008171
CHEBI:28659,CHEBI:18248,MONDO:0008171
CHEBI:28659,CHEBI:22984,MONDO:0008171
CHEBI:28659,CHEBI:17439,MONDO:0008171
CHEBI:28659,CHEBI:17015,MONDO:0008171
CHEBI:28659,CHEBI:17154,MONDO:0008171
CHEBI:28659,CHEBI:22652,MONDO:0008171
CHEBI:28659,CHEBI:27300,MONDO:0008171
CHEBI:28659,CHEBI:12777,MONDO:0008171
CHEBI:28659,CHEBI:25107,MONDO:0008171
CHEBI:28659,CHEBI:27470,MONDO:0008171
CHEBI:28659,CHEBI:18385,MONDO:0008171
CHEBI:28659,CHEBI:28659,MONDO:0008171
CHEBI:28659,CHEBI:15956,MONDO:0008171
CHEBI:28659,CHEBI:27363,MONDO:0008171
CHEBI:28659,CHEBI:27363,MONDO:0008171
CHEBI:28659,CHEBI:27306,MONDO:0008171
CHEBI:28659,CHEBI:12777,MONDO:0008171
CHEBI:28659,CHEBI:29035,MONDO:0008171
CHEBI:28659,CHEBI:27306,MONDO:0008171
CHEBI:28659,CHEBI:18145,MONDO:0008171
CHEBI:28659,CHEBI:17015,MONDO:0008171
CHEBI:26216,CHEBI:17234,MONDO:0002909
CHEBI:28098,CHEBI:31415,MONDO:0006875
CHEBI:88258,CHEBI:45924,MONDO:0018229
CHEBI:88258,CHEBI:45924,MONDO:0016474
CHEBI:6801,CHEBI:82720,HP:0031273
CHEBI:63334,CHEBI:3077,MONDO:0006875
DRUGBANK:DB15860,DRUGBANK:DB15889,UMLS:C0267465
CHEBI:31536,CHEBI:90926,MONDO:0005109
CHEBI:134753,CHEBI:28939,MONDO:0001744
DRUGBANK:DB15815,UNII:3FYP5M0IJX,UMLS:C0267465
CHEBI:27644,CHEBI:9667,MONDO:0024268
CHEBI:50838,CHEBI:4903,HP:0002910
CHEBI:135360,CHEBI:27732,MONDO:0007263
CHEBI:63334,UMLS:C0009315,MONDO:0006875
DRUGBANK:DB15815,DRUGBANK:DB15478,UMLS:C0267465
CHEBI:135360,CHEBI:64318,MONDO:0007263
CHEBI:63334,CHEBI:17698,MONDO:0006875
CHEBI:135360,CHEBI:46195,MONDO:0007263
CHEBI:88258,CHEBI:45924,MONDO:0016242
CHEBI:135735,CHEBI:135849,HP:0001410
CHEBI:135581,CHEBI:6456,UMLS:C0521496
CHEBI:6838,CHEBI:16236,MONDO:0002602
CHEBI:135360,CHEBI:64318,HP:0001410
CHEBI:88258,CHEBI:45924,HP:0001410
CHEBI:135492,CHEBI:50156,HP:0001410
CHEBI:135360,CHEBI:27732,HP:0001410
CHEBI:135360,CHEBI:46195,HP:0001410
CHEBI:28659,CHEBI:22652,CHEBI:3311
CHEBI:135735,CHEBI:135849,MONDO:0001106
CHEBI:142773,CHEBI:50838,MONDO:0001106
CHEBI:114786,CHEBI:26710,MONDO:0001106
CHEBI:88258,CHEBI:45924,MONDO:0001761
CHEBI:6801,CHEBI:82720,MONDO:0001106
CHEBI:50838,CHEBI:4903,MONDO:0001106
CHEBI:6801,CHEBI:82720,MONDO:0001106
CHEBI:9927,CHEBI:601027,MONDO:0001106
CHEBI:114786,CHEBI:32954,MONDO:0001106
CHEBI:28659,CHEBI:17439,CHEBI:3311
CHEBI:135735,CHEBI:601027,MONDO:0001106
CHEBI:114786,CHEBI:32954,MONDO:0001106
CHEBI:114786,CHEBI:26710,MONDO:0001106
CHEBI:28659,CHEBI:22984,CHEBI:3311
CHEBI:114786,CHEBI:131527,MONDO:0001106
CHEBI:114786,CHEBI:17234,MONDO:0001106
CHEBI:28659,CHEBI:28694,CHEBI:3311
CHEBI:114786,CHEBI:17234,MONDO:0001106
CHEBI:114786,CHEBI:131527,MONDO:0001106
CHEBI:28659,CHEBI:27363,CHEBI:3311
CHEBI:28659,CHEBI:29035,CHEBI:3311
CHEBI:28659,CHEBI:46905,CHEBI:3311
CHEBI:28659,CHEBI:15956,CHEBI:3311
CHEBI:28659,CHEBI:12777,CHEBI:3311
CHEBI:28659,CHEBI:18385,CHEBI:3311
CHEBI:28659,CHEBI:17154,CHEBI:3311
CHEBI:28659,CHEBI:28659,CHEBI:3311
CHEBI:28659,CHEBI:27306,CHEBI:3311
CHEBI:28659,CHEBI:27470,CHEBI:3311
CHEBI:28659,CHEBI:18145,CHEBI:3311
CHEBI:28659,CHEBI:27300,CHEBI:3311
CHEBI:28659,CHEBI:17015,CHEBI:3311
CHEBI:28659,CHEBI:18248,CHEBI:3311
CHEBI:28659,CHEBI:25107,CHEBI:3311
CHEBI:135499,CHEBI:9671,HP:0002902
UMLS:C0003993,UMLS:C0003993,HP:0000225
CHEBI:142773,CHEBI:50838,MONDO:0018902
CHEBI:135492,CHEBI:50156,HP:0002902
CHEBI:50838,CHEBI:4903,MONDO:0005628
UMLS:C0003993,UMLS:C0003993,MONDO:0002907
UMLS:C0003993,UMLS:C0003993,MONDO:0008185
UNII:BVS505O332,UMLS:C0030346,UMLS:C0151763
CHEBI:3215,CHEBI:6741,MONDO:0000465
CHEBI:135499,CHEBI:9671,UMLS:C1142529
CHEBI:27644,CHEBI:9667,HP:0011885
CHEBI:134916,CHEBI:46195,MONDO:0005002
CHEBI:28098,CHEBI:31415,MONDO:0020950
CHEBI:6801,CHEBI:82720,MONDO:0003763
CHEBI:7494,CHEBI:7494,MONDO:0002691
CHEBI:135499,CHEBI:9671,MONDO:0003019
CHEBI:5103,UNII:M0Q7802G2B,UMLS:C2712370
CHEBI:28098,CHEBI:31415,MONDO:0001947
CHEBI:142773,CHEBI:50838,MONDO:0005294
CHEBI:142773,CHEBI:50838,UniProtKB:A0A4X1SKS6
CHEBI:85537,CHEBI:4470,UMLS:C5707743
CHEBI:85078,CHEBI:6801,MONDO:0000440
CHEBI:142773,CHEBI:50838,EFO:0009573
CHEBI:132975,CHEBI:63580,CHEBI:63580
CHEBI:71415,CHEBI:71415,HP:0001410
UMLS:C0085272,CHEBI:7627,MONDO:0005628
CHEBI:27644,CHEBI:9667,MONDO:0021948
CHEBI:71415,CHEBI:71415,MONDO:0006874
CHEBI:50838,CHEBI:4903,CHEBI:41922
CHEBI:77822,CHEBI:7459,MONDO:0100192
CHEBI:135499,CHEBI:9671,HP:0001410
CHEBI:142773,CHEBI:50838,UniProtKB:A0A4X1SKS6
CHEBI:132967,CHEBI:63580,CHEBI:63580
CHEBI:50838,CHEBI:4903,HP:0001907
CHEBI:3215,CHEBI:6741,MONDO:0004979
UMLS:C0085272,CHEBI:7627,UniProtKB:A0A4X1SKS6
CHEBI:63334,CHEBI:17698,MONDO:0020950
CHEBI:50838,CHEBI:4903,MONDO:0005294
CHEBI:50838,CHEBI:4903,UMLS:C0860206
CHEBI:50838,CHEBI:4903,MONDO:0043862
UMLS:C0085272,CHEBI:7627,UniProtKB:A0A4X1SKS6
CHEBI:50838,CHEBI:4903,UMLS:C0013420
CHEBI:34910,CHEBI:135276,HP:0002910
CHEBI:50838,CHEBI:4903,UniProtKB:Q865K8
CHEBI:59732,CHEBI:53691,MONDO:0005009
CHEBI:50838,CHEBI:4903,CHEBI:41922
CHEBI:135360,CHEBI:27732,MONDO:0017123
CHEBI:88258,CHEBI:45924,MONDO:0017123
CHEBI:50838,CHEBI:4903,MONDO:0005552
CHEBI:50838,CHEBI:4903,UMLS:C1277190
CHEBI:50838,CHEBI:4903,CHEBI:41922
UNII:BVS505O332,CHEBI:9765,UMLS:C0151763
CHEBI:63334,CHEBI:3077,MONDO:0020950
CHEBI:135360,CHEBI:46195,MONDO:0017123
CHEBI:63334,UMLS:C0009315,MONDO:0020950
CHEBI:135360,CHEBI:64318,MONDO:0017123
